Timestamp[ms],PWM_motor,PWM_elevon,Rate_x[deg/s],Rate_y[deg/s],Rate_z[deg/s]
0,0,0,1,-4,-1
8,0,1500,1,0,3
16,0,1508,-1,-4,2
24,0,1517,0,4,-1
33,0,1526,1,1,2
41,0,1536,0,6,3
49,0,1544,0,-2,1
57,0,1553,12,5,0
66,0,1562,26,8,2
75,0,1572,51,2,2
83,0,1581,71,12,3
91,0,1590,63,17,-1
99,0,1598,40,0,1
107,0,1607,42,7,-2
117,0,1615,97,9,6
125,0,1625,121,8,2
133,0,1633,70,9,0
141,0,1642,44,9,-1
149,0,1650,65,9,2
158,0,1657,75,-3,0
167,0,1666,54,4,-1
175,0,1675,51,-8,-3
183,0,1682,68,-6,0
191,0,1690,65,17,0
203,0,1697,36,4,-2
211,0,1708,43,7,-1
219,0,1715,84,8,-1
228,0,1722,103,-1,3
236,0,1729,75,8,-1
245,0,1736,67,20,-3
253,0,1743,90,-2,-2
261,0,1749,56,4,0
270,0,1755,-14,11,-1
278,0,1762,18,6,-2
287,0,1768,101,16,6
295,0,1774,116,-8,0
303,0,1779,42,5,1
311,0,1785,22,19,-4
320,0,1790,71,-1,6
329,0,1795,46,-7,1
337,0,1800,13,10,-2
345,0,1805,45,-6,-1
353,0,1809,74,3,-1
362,0,1813,46,1,3
371,0,1817,49,14,0
379,0,1821,70,-5,5
387,0,1825,35,7,-1
395,0,1828,7,0,-2
403,0,1831,21,5,0
415,0,1833,-1,-1,-3
424,0,1837,-10,-2,-2
432,0,1840,5,4,-1
440,0,1842,9,-5,2
448,0,1843,-3,-1,-1
457,0,1845,-7,-1,3
465,0,1846,4,-5,2
474,0,1847,6,3,1
482,0,1848,-4,7,2
490,0,1849,-3,-2,4
499,0,1849,5,-4,1
507,0,1849,5,1,2
515,0,1849,-1,4,0
524,0,1849,-1,0,0
532,0,1849,3,8,-2
541,0,1848,1,1,-2
549,0,1847,-3,-3,-2
557,0,1845,0,0,0
565,0,1844,1,-3,0
574,0,1842,1,-5,2
583,0,1840,-1,-7,1
591,0,1838,1,-4,1
599,0,1835,1,2,1
607,0,1833,0,-7,1
615,0,1830,0,0,2
625,0,1827,0,0,-1
633,0,1823,2,-4,-1
644,0,1819,0,-2,0
652,0,1814,0,6,-1
660,0,1810,1,-4,-3
669,0,1806,1,7,4
677,0,1801,-2,0,1
686,0,1797,0,-6,2
694,0,1791,1,10,0
702,0,1786,2,-1,-2
711,0,1781,0,2,-2
719,0,1775,0,-6,-1
728,0,1770,-1,1,1
736,0,1763,2,8,2
744,0,1758,0,-8,2
753,0,1752,-1,1,0
761,0,1745,0,1,-1
769,0,1738,-1,1,-3
778,0,1732,-4,6,2
786,0,1724,-13,-5,2
795,0,1717,-24,-3,0
803,0,1710,-23,2,-2
811,0,1703,-27,-5,-3
820,0,1695,-24,12,-3
828,0,1687,-27,-3,1
836,0,1680,-57,-9,0
845,0,1672,-72,5,-4
853,0,1663,-71,-9,-1
864,0,1655,-77,-4,-2
873,0,1645,-81,-10,-2
882,0,1635,-81,-7,5
890,0,1626,-89,3,2
898,0,1618,-77,-8,-4
906,0,1610,-55,-9,0
915,0,1601,-67,-13,-1
924,0,1592,-97,-9,0
932,0,1582,-52,-8,-2
940,0,1574,30,-1,2
948,0,1565,23,-6,2
956,0,1556,-82,-4,-1
966,0,1548,-153,2,-2
974,0,1537,-137,-19,0
982,0,1528,-103,-14,-3
990,0,1519,-97,-9,-1
999,0,1510,-101,-15,-2
1008,0,1501,-81,-4,2
1016,0,1491,-73,-24,0
1024,0,1482,-89,-10,-1
1033,0,1473,-99,0,0
1041,0,1463,-62,-8,0
1049,0,1455,-40,-3,-2
1061,0,1446,-103,-23,0
1069,0,1433,-123,-5,1
1077,0,1424,-105,-16,1
1086,0,1416,-72,4,-2
1095,0,1406,-61,-9,4
1103,0,1397,-70,-3,-1
1111,0,1388,-41,-10,-1
1119,0,1380,-12,-6,-2
1128,0,1372,-24,4,3
1137,0,1363,-38,1,-3
1145,0,1353,-56,-12,3
1153,0,1346,-130,-16,2
1162,0,1338,-181,-11,-6
1170,0,1329,-135,-26,-1
1179,0,1321,-58,-9,-1
1187,0,1313,-3,-6,-1
1195,0,1306,-41,-18,3
1204,0,1298,-95,-1,-2
1212,0,1290,-55,-14,-3
1220,0,1283,-28,6,4
1229,0,1276,-48,-2,0
1237,0,1269,-93,-5,-2
1248,0,1262,-68,-8,-1
1257,0,1254,-23,-10,4
1266,0,1247,-30,-9,1
1274,0,1240,-65,-11,-2
1282,0,1234,-69,-3,1
1290,0,1228,-51,-7,2
1299,0,1223,-45,-8,3
1308,0,1217,-46,-6,-1
1316,0,1211,-61,-16,0
1324,0,1206,-57,-4,1
1333,0,1202,-34,-8,-4
1341,0,1197,-18,3,2
1350,0,1192,-19,3,2
1358,0,1188,-40,-6,-3
1366,0,1184,-50,5,-1
1375,0,1180,-52,2,3
1383,0,1176,-57,-1,0
1392,0,1173,-33,-6,-1
1400,0,1169,-12,-5,0
1408,0,1167,-9,-6,-1
1417,0,1164,-28,14,3
1425,0,1161,-34,7,1
1433,0,1159,-34,2,-2
1445,0,1157,-39,-3,-1
1453,0,1155,-29,-2,-1
1461,0,1153,-15,0,5
1470,0,1152,-9,-12,1
1479,0,1151,-16,-2,-1
1487,0,1150,-13,-4,0
1495,0,1150,-4,2,1
1503,0,1150,2,-5,1
1512,0,1150,3,7,-2
1521,0,1150,-2,-3,1
1529,0,1150,0,5,2
1537,0,1151,-1,10,-1
1545,0,1152,-1,-13,0
1554,0,1153,-3,-2,2
1563,0,1155,0,8,0
1571,0,1156,1,1,-3
1579,0,1158,-1,-3,-2
1587,0,1160,-1,-9,1
1596,0,1162,0,-2,2
1604,0,1165,1,3,-4
1613,0,1168,-2,3,-3
1621,0,1171,-1,5,0
1629,0,1174,-1,-5,-1
1638,0,1178,0,-4,2
1650,0,1182,1,-14,-1
1658,0,1188,-1,-2,1
1666,0,1192,1,6,-2
1674,0,1196,1,-5,0
1682,0,1201,1,-10,1
1692,0,1205,2,-1,3
1700,0,1211,-1,-5,1
1708,0,1216,0,4,-1
1716,0,1222,10,-6,-2
1724,0,1227,5,0,0
1732,0,1233,6,2,-1
1742,0,1238,25,-1,1
1750,0,1246,46,2,1
1758,0,1252,54,-3,-3
1766,0,1258,42,2,0
1774,0,1265,36,16,-1
1784,0,1271,62,3,0
1792,0,1280,74,13,-2
1800,0,1287,47,8,-1
1808,0,1294,34,4,0
1817,0,1301,47,14,-3
1826,0,1309,71,5,-2
1834,0,1318,88,-1,2
1842,0,1325,65,14,-2
1850,0,1333,50,23,-5
1862,0,1341,114,-9,-4
1870,0,1352,98,9,1
1879,0,1360,29,-2,-1
1887,0,1370,6,8,0
1895,0,1378,55,1,-1
1904,0,1386,75,2,0
1912,0,1396,35,3,-1
1921,0,1404,38,14,2
1929,0,1414,82,0,-3
1937,0,1422,88,-5,1
1945,0,1431,55,3,0
1954,0,1439,55,9,0
1963,0,1449,84,17,2
1971,0,1459,90,4,0
1979,0,1468,51,6,-1
1987,0,1476,34,-3,0
1997,0,1485,54,1,0
2005,0,1496,74,8,2
2013,0,1509,80,10,-2
2021,0,1523,74,17,0
2029,0,1538,68,15,2
2039,0,1553,113,-3,1
2047,0,1571,140,21,5
2055,0,1586,95,-7,0
2066,0,1600,39,15,-1
2075,0,1620,88,16,-2
2084,0,1635,126,-6,3
2092,0,1651,83,22,-2
2100,0,1664,105,4,5
2108,0,1678,167,10,2
2116,0,1691,192,16,6
2126,0,1703,150,11,1
2134,0,1719,125,18,-2
2142,0,1730,98,14,4
2150,0,1742,83,25,-2
2160,0,1753,120,0,-5
2168,0,1766,155,22,3
2176,0,1776,160,7,-1
2184,0,1785,97,15,2
2193,0,1794,53,12,2
2201,0,1803,72,19,-1
2210,0,1811,90,3,0
2218,0,1818,73,17,4
2226,0,1825,68,-1,2
2235,0,1830,82,10,1
2243,0,1836,95,6,4
2252,0,1840,63,6,1
2260,0,1844,51,10,-1
2271,0,1846,47,1,0
2279,0,1849,44,11,1
2289,0,1849,21,5,3
2297,0,1849,-15,3,-2
2305,0,1848,-12,0,1
2313,0,1847,11,-6,-3
2322,0,1844,6,1,1
2331,0,1841,-9,-6,-1
2339,0,1836,-5,-2,1
2347,0,1831,6,-5,3
2356,0,1826,1,0,-3
2364,0,1818,-6,0,-1
2372,0,1811,0,-8,2
2381,0,1803,6,-4,-1
2389,0,1793,2,-1,-2
2398,0,1783,-3,-2,-1
2406,0,1772,1,2,2
2414,0,1761,2,6,-3
2423,0,1749,1,4,-1
2431,0,1735,-2,0,2
2440,0,1722,-4,-9,2
2448,0,1707,-4,-15,-3
2456,0,1693,-48,-7,-1
2465,0,1678,-90,-6,-5
2474,0,1661,-90,-13,2
2485,0,1644,-99,-17,-3
2493,0,1621,-108,3,-3
2502,0,1605,-127,-12,-7
2510,0,1586,-155,-18,-2
2519,0,1569,-171,-26,-4
2527,0,1549,-186,-8,-1
2535,0,1531,-186,-4,-22
2544,0,1514,-144,-14,-1
2553,0,1494,-113,-25,2
2561,0,1474,-143,-12,1
2569,0,1456,-188,-10,-3
2577,0,1438,-213,-6,0
2587,0,1420,-176,-16,-4
2595,0,1398,-148,-14,1
2603,0,1381,-138,-24,0
2611,0,1364,-153,-19,1
2620,0,1348,-174,-19,-7
2628,0,1329,-136,-15,-2
2637,0,1314,-118,-17,0
2645,0,1297,-105,-1,-1
2654,0,1282,-100,-24,5
2665,0,1266,-247,1,-1
2674,0,1248,-226,-24,1
2682,0,1234,-116,-30,5
2691,0,1222,-111,10,6
2699,0,1210,-153,-9,3
2707,0,1199,-129,0,-2
2716,0,1190,-66,-15,-2
2725,0,1181,-48,3,-3
2733,0,1173,-82,5,0
2741,0,1166,-89,-1,1
2749,0,1161,-63,-5,-3
2758,0,1157,-73,0,4
2767,0,1153,-76,8,-1
2775,0,1151,-59,-7,2
2783,0,1150,-44,5,1
2791,0,1150,-21,-2,0
2801,0,1151,-5,12,-2
2809,0,1154,4,8,-2
2817,0,1157,8,5,1
2825,0,1162,-2,-13,2
2833,0,1167,-6,-10,-2
2843,0,1174,-2,0,0
2851,0,1184,4,-1,1
2862,0,1193,1,-5,-2
2870,0,1207,1,0,-2
2878,0,1218,1,-7,-1
2888,0,1230,2,10,1
2896,0,1247,6,7,1
2904,0,1261,5,-3,-3
2912,0,1276,20,-5,1
2920,0,1291,57,4,1
2930,0,1308,95,10,-2
2938,0,1329,109,6,4
2946,0,1347,138,14,4
2954,0,1366,156,10,-3
2963,0,1384,151,8,2
2972,0,1406,118,3,-1
2980,0,1428,52,4,-1
2988,0,1449,127,30,0
2996,0,1469,301,-5,6
3005,0,1489,279,-4,11
3014,0,1512,113,28,4
3022,0,1535,87,23,-5
3030,0,1556,176,18,-3
3039,0,1576,214,21,6
3047,0,1599,191,13,-16
3056,0,1618,161,16,-14
3067,0,1640,120,16,2
3075,0,1666,104,20,1
3084,0,1684,131,36,-8
3092,0,1704,190,22,19
3101,0,1720,186,21,2
3109,0,1738,140,15,-16
3118,0,1753,159,23,4
3126,0,1769,190,14,10
3134,0,1782,184,24,0
3143,0,1794,160,17,8
3152,0,1806,140,16,-3
3160,0,1817,99,13,0
3168,0,1826,89,1,-2
3176,0,1833,87,24,-1
3186,0,1839,96,9,-3
3194,0,1844,98,11,-5
3202,0,1847,91,10,5
3210,0,1849,73,7,0
3218,0,1849,47,0,-2
3228,0,1848,29,-5,2
3236,0,1845,-13,4,-3
3244,0,1841,-20,8,0
3252,0,1836,9,-1,2
3263,0,1829,6,-6,1
3273,0,1818,-10,2,-3
3281,0,1805,-5,2,-1
3289,0,1794,9,9,-2
3297,0,1781,1,-5,2
3305,0,1767,-7,3,-1
3315,0,1753,-1,-5,0
3323,0,1733,6,3,-1
3331,0,1715,-12,0,2
3339,0,1697,-25,-1,-3
3348,0,1678,-32,-9,1
3357,0,1656,-95,-1,-2
3365,0,1633,-141,-7,-2
3373,0,1612,-126,-24,1
3382,0,1590,-115,-30,-4
3390,0,1565,-143,-27,4
3399,0,1543,-216,-22,2
3407,0,1517,-253,-27,3
3416,0,1494,-208,-14,-1
3424,0,1468,-157,-17,-2
3432,0,1446,-154,-27,0
3441,0,1423,-229,-19,-6
3450,0,1398,-241,-16,-6
3461,0,1373,-206,-29,-8
3469,0,1344,-214,-15,2
3477,0,1324,-250,-19,-4
3486,0,1304,-242,-23,0
3495,0,1283,-174,-17,1
3503,0,1263,-106,-6,1
3511,0,1246,-60,-23,2
3519,0,1230,-154,-36,1
3529,0,1216,-264,5,-13
3537,0,1200,-219,-42,-3
3545,0,1188,-143,-12,-2
3553,0,1178,-156,3,10
3562,0,1169,-161,-14,-7
3571,0,1161,-85,-12,-8
3579,0,1155,-56,-24,7
3587,0,1152,-97,-10,2
3596,0,1150,-90,-18,2
3604,0,1150,-60,2,0
3613,0,1151,-44,3,-5
3621,0,1155,-22,0,-2
3630,0,1160,12,-5,3
3638,0,1167,18,-5,-2
3649,0,1176,-13,-2,-1
3658,0,1190,-8,1,-1
3666,0,1204,8,3,-3
3675,0,1218,2,-5,-2
3683,0,1235,-7,1,0
3691,0,1251,4,-2,1
3700,0,1269,17,5,0
3708,0,1291,35,17,-4
3717,0,1311,95,18,5
3725,0,1335,146,-4,-7
3733,0,1357,131,13,-1
3742,0,1380,139,0,-2
3751,0,1407,170,19,2
3759,0,1434,154,7,1
3767,0,1459,196,34,9
3775,0,1484,308,8,3
3785,0,1509,265,13,-1
3793,0,1540,124,15,-3
3801,0,1565,124,25,-9
3809,0,1590,201,17,-17
3818,0,1614,252,26,12
3827,0,1640,235,21,-2
3835,0,1666,176,9,0
3846,0,1688,138,14,20
3854,0,1716,198,21,-1
3863,0,1736,236,14,-7
3872,0,1756,180,22,-11
3880,0,1775,121,17,-9
3888,0,1790,133,7,6
3897,0,1803,224,19,5
3905,0,1817,295,18,6
3914,0,1827,236,16,6
3922,0,1836,102,15,0
3931,0,1842,77,29,-1
3939,0,1847,134,-3,2
3947,0,1849,129,19,4
3956,0,1849,49,5,0
3964,0,1847,4,20,1
3973,0,1843,-12,-3,0
3981,0,1837,-8,-12,0
3989,0,1829,3,-7,-2
3998,0,1819,-1,2,0
4007,0,1806,-7,7,3
4015,0,1790,-2,-7,0
4023,0,1775,2,-2,-1
4031,0,1758,0,0,2
4040,0,1739,-2,-2,1
4051,0,1716,-3,-8,-2
4060,0,1687,-28,3,-2
4068,0,1660,-61,-7,0
4076,0,1636,-108,-1,-1
4085,0,1611,-121,-15,-3
4094,0,1582,-125,-32,-2
4102,0,1552,-158,-25,11
4110,0,1526,-216,-27,-3
4118,0,1499,-285,-36,0
4128,0,1472,-316,-8,-10
4136,0,1438,-258,-11,3
4144,0,1412,-215,-15,2
4152,0,1386,-253,-23,-1
4161,0,1360,-271,-11,-3
4170,0,1333,-193,-27,0
4178,0,1306,-204,-30,2
4187,0,1284,-272,3,-6
4195,0,1260,-271,-35,-3
4203,0,1241,-258,-15,0
4212,0,1223,-263,-22,-5
4221,0,1205,-203,-13,1
4232,0,1190,-104,-13,18
4240,0,1174,-167,-17,4
4248,0,1165,-209,-8,29
4257,0,1158,-150,-31,15
4266,0,1152,-85,-22,-3
4274,0,1150,-83,-10,6
4282,0,1150,-88,-20,-1
4290,0,1152,-72,-20,0
4300,0,1157,-32,-1,-1
4308,0,1166,4,-8,0
4316,0,1175,3,4,-1
4324,0,1187,-7,1,-1
4333,0,1200,4,13,2
4342,0,1218,10,2,-1
4350,0,1238,-3,8,2
4358,0,1258,-6,0,-2
4366,0,1279,14,4,2
4375,0,1302,39,-13,1
4384,0,1329,87,8,1
4392,0,1358,122,17,1
4400,0,1385,118,10,-3
4409,0,1412,150,25,-4
4417,0,1444,198,15,4
4429,0,1473,266,32,-8
4437,0,1516,370,6,14
4445,0,1545,328,-14,-5
4454,0,1573,169,33,1
4462,0,1605,141,38,-5
4471,0,1632,238,30,0
4479,0,1662,328,11,-9
4488,0,1687,278,10,3
4496,0,1714,193,31,-3
4504,0,1736,234,25,-1
4513,0,1757,262,13,4
4522,0,1778,195,0,10
4530,0,1797,111,37,1
4538,0,1812,205,15,-3
4546,0,1824,327,-5,14
4556,0,1834,241,-4,8
4564,0,1843,84,18,14
4572,0,1847,74,22,-12
4580,0,1849,141,1,5
4589,0,1849,116,4,2
4598,0,1845,49,14,-2
4606,0,1839,31,13,3
4614,0,1830,43,0,-3
4625,0,1819,7,-8,0
4633,0,1800,-36,3,-1
4643,0,1783,-10,2,-1
4651,0,1759,23,-6,4
4659,0,1738,1,-4,-1
4667,0,1715,-20,2,0
4676,0,1691,-40,-5,-2
4685,0,1661,-69,-12,-3
4693,0,1630,-109,-8,0
4701,0,1602,-152,-19,1
4710,0,1572,-160,-24,-7
4718,0,1538,-214,-6,-7
4727,0,1508,-262,-27,-2
4735,0,1473,-313,-1,-7
4744,0,1443,-262,-37,2
4752,0,1409,-199,-19,-5
4760,0,1380,-231,-31,3
4769,0,1351,-299,-24,-7
4778,0,1321,-338,-20,3
4786,0,1292,-319,-41,0
4794,0,1268,-330,-25,4
4802,0,1245,-286,-2,-3
4814,0,1225,-144,-13,-4
4823,0,1199,-176,-30,3
4831,0,1182,-296,-14,7
4839,0,1170,-282,-19,-4
4848,0,1161,-152,-15,-7
4857,0,1154,-117,-12,6
4865,0,1150,-164,4,-3
4873,0,1150,-90,-18,1
4881,0,1152,-24,-12,-7
4891,0,1158,-50,-15,4
4899,0,1168,-46,5,-1
4907,0,1180,-5,2,5
4915,0,1194,11,1,2
4924,0,1210,-1,-2,3
4932,0,1232,2,3,-1
4941,0,1254,11,6,-1
4949,0,1281,6,11,0
4957,0,1306,36,5,-2
4966,0,1334,94,10,1
4974,0,1366,155,10,1
4983,0,1396,149,21,-1
4991,0,1432,176,16,-3
5000,0,1463,213,6,0
5011,0,1500,324,46,0
5020,0,1544,413,25,8
5028,0,1580,301,20,-2
5036,0,1611,158,44,-5
5045,0,1641,196,17,-1
5053,0,1674,264,27,2
5062,0,1701,265,6,8
5070,0,1730,179,33,-3
5079,0,1753,239,50,-9
5087,0,1777,341,-15,11
5095,0,1796,318,28,0
5104,0,1812,213,56,1
5113,0,1827,208,35,-2
5121,0,1838,212,14,9
5129,0,1845,129,-2,5
5137,0,1849,88,30,-6
5145,0,1849,139,2,9
5155,0,1847,153,5,1
5163,0,1839,59,8,0
5171,0,1830,-22,-9,2
5179,0,1818,-4,-2,-2
5188,0,1802,35,-9,0
5197,0,1782,4,5,2
5208,0,1758,-29,5,0
5216,0,1725,5,-3,-2
5224,0,1698,15,-9,0
5233,0,1670,-10,1,3
5242,0,1636,-46,12,-2
5250,0,1600,-103,-14,1
5258,0,1568,-207,-34,-3
5266,0,1534,-319,10,-2
5276,0,1501,-249,-44,-8
5284,0,1458,-241,-34,0
5292,0,1425,-284,-15,1
5300,0,1392,-274,-24,-6
5309,0,1360,-303,-47,-7
5318,0,1326,-451,-30,-11
5326,0,1294,-486,-17,-4
5334,0,1267,-386,-36,-2
5343,0,1243,-250,-6,-4
5351,0,1218,-158,-22,1
5360,0,1199,-121,-28,-3
5368,0,1181,-301,12,11
5377,0,1169,-372,0,17
5385,0,1158,-192,-9,6
5396,0,1152,-93,-19,-21
5405,0,1150,-143,3,5
5414,0,1152,-88,-16,-6
5422,0,1159,-24,-16,4
5430,0,1169,-24,-9,-2
5438,0,1182,-26,8,1
5447,0,1198,-8,1,3
5456,0,1220,8,-1,0
5464,0,1245,6,-7,-3
5472,0,1271,6,3,2
5480,0,1298,5,10,1
5489,0,1328,25,10,-4
5498,0,1363,135,20,1
5506,0,1400,212,2,-1
5514,0,1435,221,20,-5
5522,0,1470,234,18,-2
5532,0,1505,192,16,2
5540,0,1549,309,68,-8
5548,0,1584,526,-19,16
5556,0,1617,420,30,-24
5565,0,1650,223,9,-10
5574,0,1685,157,34,0
5582,0,1718,225,-2,0
5593,0,1745,248,31,-8
5601,0,1777,309,14,2
5610,0,1797,363,-6,26
5619,0,1817,328,-31,9
5627,0,1831,268,15,9
5635,0,1841,242,31,4
5644,0,1847,155,26,-5
5652,0,1849,97,29,-1
5661,0,1848,96,11,-3
5669,0,1841,115,-8,7
5678,0,1832,68,5,-1
5686,0,1817,-9,-4,-1
5694,0,1800,-11,10,-1
5703,0,1779,21,0,-2
5712,0,1753,2,-8,2
5720,0,1723,-26,-7,2
5728,0,1694,-5,-4,-2
5736,0,1662,-10,-13,4
5745,0,1629,-76,-16,-4
5754,0,1590,-156,-28,0
5762,0,1550,-202,9,-14
5770,0,1513,-169,-25,-3
5779,0,1476,-253,-20,5
5791,0,1435,-404,-22,-5
5799,0,1382,-386,-19,-25
5807,0,1348,-289,-47,0
5815,0,1316,-322,-15,6
5824,0,1285,-317,-4,-7
5833,0,1254,-279,-30,3
5841,0,1226,-291,-25,0
5849,0,1204,-256,-9,-2
5858,0,1186,-314,-47,4
5866,0,1170,-475,-3,-10
5875,0,1159,-379,-10,-7
5883,0,1152,-152,-11,6
5892,0,1150,-101,-37,11
5900,0,1152,-124,2,4
5908,0,1158,-97,-22,-4
5917,0,1168,-23,-3,1
5926,0,1184,-4,-1,5
5934,0,1205,-26,5,1
5942,0,1227,-7,-2,0
5950,0,1252,23,-17,-2
5960,0,1280,35,0,2
5971,0,1319,52,9,-5
5979,0,1365,109,17,-10
5987,0,1401,152,7,4
5995,0,1438,169,32,-5
6005,0,1476,224,18,1
6013,0,1523,211,15,-3
6021,0,1561,350,65,4
6029,0,1598,548,7,-5
6038,0,1634,476,30,0
6047,0,1673,281,40,-5
6055,0,1709,197,49,-1
6063,0,1739,196,21,1
6072,0,1765,228,40,-5
6080,0,1791,286,58,8
6089,0,1811,325,25,20
6097,0,1828,317,26,-16
6106,0,1839,352,18,3
6114,0,1847,254,29,1
6122,0,1849,121,28,-5
6131,0,1848,78,14,1
6139,0,1840,132,-6,0
6148,0,1829,113,4,3
6156,0,1812,11,10,3
6167,0,1793,-5,-3,-4
6176,0,1760,14,-6,-2
6184,0,1728,-1,11,3
6193,0,1697,-16,4,0
6201,0,1660,-3,-9,-2
6209,0,1624,-9,-14,3
6218,0,1586,-143,-25,-2
6227,0,1543,-280,-12,3
6235,0,1499,-296,2,-8
6243,0,1459,-236,-23,0
6251,0,1420,-246,-47,-2
6261,0,1382,-422,-33,-9
6269,0,1337,-543,-27,-1
6277,0,1303,-560,-17,6
6285,0,1271,-399,-32,6
6294,0,1243,-282,-56,0
6303,0,1215,-268,-6,-5
6311,0,1191,-177,-16,1
6319,0,1174,-234,-49,2
6328,0,1162,-404,20,27
6336,0,1153,-344,-44,13
6345,0,1150,-152,-18,-1
6356,0,1152,-98,14,8
6364,0,1162,-115,-5,-4
6373,0,1175,-53,-11,-5
6381,0,1194,15,-16,4
6390,0,1216,-4,15,-2
6398,0,1245,-24,9,4
6407,0,1274,-3,-14,-2
6415,0,1311,47,-1,1
6423,0,1346,88,14,-3
6432,0,1384,116,22,1
6441,0,1428,153,4,7
6449,0,1473,201,36,-7
6457,0,1514,253,15,-1
6465,0,1554,410,52,-4
6475,0,1594,556,-5,9
6483,0,1642,463,6,18
6491,0,1678,253,32,0
6499,0,1712,248,36,49
6507,0,1743,349,41,28
6517,0,1771,332,44,8
6525,0,1800,323,2,-14
6533,0,1819,259,40,9
6541,0,1834,267,16,-8
6552,0,1844,292,15,4
6562,0,1849,234,37,-1
6570,0,1847,177,25,-1
6578,0,1839,145,12,-1
6586,0,1827,84,-11,2
6595,0,1809,9,3,-1
6604,0,1785,-26,0,-2
6612,0,1755,-9,6,-3
6620,0,1725,13,-7,2
6629,0,1692,-4,-8,3
6637,0,1651,-59,-19,-2
6646,0,1612,-110,-9,1
6654,0,1567,-154,-26,-7
6663,0,1525,-190,-5,-22
6671,0,1478,-225,-28,-2
6679,0,1436,-335,-33,11
6688,0,1396,-463,-24,8
6697,0,1351,-454,-42,-6
6705,0,1310,-405,-20,-15
6713,0,1276,-342,-26,-2
6722,0,1245,-304,-34,2
6731,0,1215,-328,-18,-7
6742,0,1190,-330,-41,5
6750,0,1167,-439,5,-15
6758,0,1156,-391,8,-2
6768,0,1150,-123,-19,5
6776,0,1151,-79,-14,2
6784,0,1156,-254,3,2
6792,0,1167,-201,-11,-13
6801,0,1183,-13,-14,-7
6809,0,1207,14,-4,-1
6818,0,1233,-33,15,-3
6826,0,1266,-3,-2,1
6835,0,1300,44,-7,1
6843,0,1341,53,-5,1
6851,0,1381,92,26,0
6860,0,1422,220,3,-6
6869,0,1470,298,31,1
6877,0,1519,292,14,-1
6885,0,1562,297,37,11
6893,0,1604,420,29,-4
6903,0,1644,448,8,-25
6911,0,1691,307,69,1
6919,0,1726,301,39,-8
6930,0,1758,403,35,-46
6939,0,1794,317,38,17
6948,0,1818,325,6,-56
6956,0,1835,237,65,19
6964,0,1845,274,44,9
6972,0,1849,256,20,4
6982,0,1848,170,16,5
6990,0,1839,110,36,-6
6998,0,1826,117,22,-1
7006,0,1808,85,-11,3
7015,0,1785,1,0,1
7024,0,1753,-33,0,-3
7032,0,1717,-2,-8,-1
7040,0,1680,7,-5,3
7048,0,1641,-37,-11,2
7057,0,1600,-118,-27,-3
7065,0,1551,-172,-12,-3
7074,0,1507,-193,-16,1
7082,0,1457,-214,-25,-2
7091,0,1414,-249,-38,6
7099,0,1366,-406,-58,4
7107,0,1326,-532,-19,-7
7116,0,1289,-540,-60,0
7127,0,1251,-432,-47,-7
7136,0,1212,-406,-39,-2
7144,0,1186,-341,-13,0
7153,0,1169,-216,-54,0
7162,0,1156,-222,-20,-1
7170,0,1150,-286,-10,3
7178,0,1151,-289,-40,-1
7186,0,1157,-233,-2,3
7196,0,1170,-127,-13,-9
7204,0,1193,-67,-11,5
7212,0,1217,-20,0,2
7220,0,1246,43,-10,-2
7229,0,1279,34,-5,3
7238,0,1321,13,17,-2
7246,0,1366,53,15,4
7254,0,1409,126,17,-8
7263,0,1454,189,-3,3
7271,0,1505,222,25,-4
7280,0,1550,271,3,4
7288,0,1600,450,92,-8
7297,0,1643,646,-11,9
7305,0,1688,527,-8,-2
7316,0,1725,218,4,0
7325,0,1769,154,27,2
7333,0,1799,260,16,2
7342,0,1820,342,18,-4
7350,0,1837,341,2,-19
7358,0,1846,319,34,71
7367,0,1849,446,17,-15
7376,0,1846,381,26,54
7384,0,1834,227,33,-8
7392,0,1818,96,17,-14
7400,0,1796,37,14,-2
7410,0,1769,-10,-2,2
7418,0,1729,-26,11,-2
7426,0,1692,2,-4,0
7434,0,1651,-8,-4,-4
7443,0,1608,-70,0,0
7452,0,1557,-141,-25,1
7460,0,1505,-261,-29,-2
7468,0,1459,-365,-27,-7
7477,0,1413,-382,-22,9
7485,0,1363,-412,-22,-10
7494,0,1321,-422,-25,4
7505,0,1278,-482,-34,-5
7513,0,1232,-474,-66,1
7522,0,1204,-472,-41,-2
7530,0,1179,-426,-32,1
7539,0,1163,-393,-27,-3
7547,0,1152,-332,11,-5
7556,0,1150,-198,-9,10
7564,0,1154,-151,-24,3
7572,0,1164,-97,2,10
7582,0,1181,-20,-4,-1
7590,0,1210,20,6,0
7598,0,1239,18,4,2
7606,0,1273,-1,5,-4
7614,0,1311,2,0,3
7624,0,1353,17,4,0
7632,0,1409,66,20,-4
7640,0,1455,194,10,6
7648,0,1503,296,33,-6
7657,0,1551,300,-1,2
7666,0,1603,398,54,5
7674,0,1653,532,0,19
7682,0,1694,420,19,0
7691,0,1732,251,25,18
7702,0,1770,339,28,0
7711,0,1807,466,31,14
7719,0,1829,508,23,18
7727,0,1842,319,30,21
7736,0,1849,275,55,16
7744,0,1848,348,18,8
7753,0,1841,225,18,7
7761,0,1825,114,31,-8
7770,0,1804,63,3,-2
7778,0,1773,21,-1,3
7786,0,1740,-26,-8,1
7795,0,1703,-22,-5,-2
7804,0,1656,6,2,2
7812,0,1605,-30,-16,3
7820,0,1558,-177,-8,-10
7828,0,1510,-268,-18,4
7838,0,1461,-270,-26,-15
7846,0,1401,-314,-18,-1
7854,0,1355,-383,-33,4
7862,0,1312,-414,-42,-2
7871,0,1273,-471,-81,3
7880,0,1234,-580,-37,-1
7891,0,1201,-553,-56,-2
7899,0,1172,-441,-17,5
7907,0,1158,-302,-33,-3
7916,0,1151,-208,-45,2
7925,0,1151,-215,-42,4
7933,0,1160,-196,-24,13
7941,0,1175,-108,-29,-4
7950,0,1196,-53,-4,6
7958,0,1228,-48,-1,-1
7967,0,1262,-2,-5,0
7975,0,1306,45,-5,1
7984,0,1349,25,-5,1
7992,0,1401,35,24,-3
8000,0,1450,206,23,0
8009,0,1500,344,20,-1
8018,0,1555,344,19,3
8026,0,1610,364,67,2
8034,0,1656,507,21,0
8042,0,1699,466,22,0
8052,0,1738,316,45,-40
8060,0,1780,291,48,-19
8068,0,1807,400,49,5
8079,0,1828,482,8,4
8087,0,1845,342,56,51
8097,0,1849,301,23,55
8105,0,1845,288,20,16
8113,0,1833,193,12,-4
8121,0,1814,110,28,-8
8130,0,1789,70,-9,13
8139,0,1753,-1,1,0
8147,0,1710,-45,3,1
8155,0,1668,-11,-4,1
8164,0,1622,10,-12,-1
8172,0,1567,-80,-17,7
8181,0,1517,-260,-25,-12
8189,0,1459,-352,-3,-3
8198,0,1409,-351,-42,11
8206,0,1355,-396,-40,3
8214,0,1311,-487,-44,1
8223,0,1270,-526,-20,-4
8232,0,1230,-489,-50,1
8240,0,1197,-485,-36,1
8248,0,1174,-467,-33,-4
8256,0,1159,-470,-28,-6
8268,0,1151,-313,-20,-1
8277,0,1153,-164,-46,9
8285,0,1165,-132,-12,5
8293,0,1184,-95,-16,-4
8301,0,1209,-53,-3,8
8311,0,1241,-10,-4,-1
8319,0,1289,36,18,4
8327,0,1332,21,5,-2
8335,0,1380,23,11,0
8344,0,1429,107,9,2
8353,0,1487,208,12,3
8361,0,1545,260,22,4
8369,0,1596,291,7,-1
8378,0,1645,354,84,-18
8386,0,1696,614,21,15
8395,0,1737,678,4,-3
8403,0,1776,504,23,10
8412,0,1805,294,63,3
8420,0,1829,295,47,6
8428,0,1843,435,35,-10
8437,0,1849,455,42,26
8446,0,1847,402,6,-30
8454,0,1834,221,23,22
8465,0,1816,150,6,0
8473,0,1778,86,-3,7
8482,0,1743,-50,11,-7
8491,0,1697,-73,6,0
8499,0,1646,6,-6,1
8507,0,1596,-18,-15,3
8515,0,1545,-176,-24,3
8525,0,1492,-292,-30,-12
8533,0,1427,-264,-41,-11
8541,0,1376,-301,-31,-1
8549,0,1328,-411,-42,7
8558,0,1284,-520,-51,-3
8567,0,1240,-643,-72,-11
8575,0,1204,-631,-53,-2
8583,0,1179,-512,-36,5
8592,0,1161,-328,-19,-6
8600,0,1151,-202,-41,4
8609,0,1150,-349,-35,15
8617,0,1159,-445,-26,-17
8626,0,1175,-191,-13,-17
8634,0,1203,39,-31,-2
8646,0,1235,-57,-1,-2
8654,0,1294,-5,5,-3
8662,0,1339,130,10,1
8671,0,1389,144,16,4
8679,0,1447,174,36,0
8688,0,1501,256,43,-3
8696,0,1561,284,8,5
8705,0,1613,364,58,-16
8713,0,1669,520,27,-4
8721,0,1714,512,13,-3
8729,0,1754,372,44,-2
8739,0,1788,366,41,-3
8747,0,1821,457,75,-7
8755,0,1838,500,15,15
8763,0,1848,447,33,11
8772,0,1849,288,61,14
8781,0,1840,286,30,54
8789,0,1821,263,21,13
8797,0,1796,118,1,3
8806,0,1763,-24,-6,0
8814,0,1719,-59,12,-4
8823,0,1674,3,-7,3
8831,0,1619,-4,-21,7
8842,0,1566,-206,-31,-2
8851,0,1491,-267,-19,-4
8860,0,1430,-267,-28,14
8868,0,1371,-285,-41,1
8876,0,1322,-403,-65,6
8885,0,1277,-552,-31,3
8893,0,1233,-613,-62,5
8902,0,1200,-562,-51,-1
8910,0,1173,-498,-48,-7
8919,0,1157,-403,-14,-5
8927,0,1150,-372,-54,0
8935,0,1152,-421,15,-11
8945,0,1163,-337,-16,14
8953,0,1189,-130,9,-8
8961,0,1218,-30,1,-1
8969,0,1255,-30,3,-2
8978,0,1297,25,4,3
8987,0,1351,77,11,-1
8995,0,1410,88,6,-4
9003,0,1465,129,18,-5
9012,0,1520,238,32,-4
9020,0,1582,325,14,3
9032,0,1635,546,35,4
9040,0,1708,652,-5,3
9048,0,1750,543,28,16
9056,0,1786,350,56,-5
9065,0,1814,299,39,18
9074,0,1837,334,56,19
9082,0,1848,365,30,17
9090,0,1849,388,40,-21
9099,0,1840,383,-5,10
9107,0,1821,307,6,16
9116,0,1794,189,29,8
9124,0,1755,73,20,-10
9133,0,1714,-58,4,2
9141,0,1660,-62,9,-5
9149,0,1608,10,-15,3
9158,0,1553,-90,-25,0
9167,0,1490,-272,-23,3
9175,0,1426,-301,-5,-8
9183,0,1372,-218,-18,-10
9191,0,1321,-234,-60,6
9201,0,1275,-469,-59,-2
9209,0,1225,-679,-52,4
9220,0,1194,-733,-32,-8
9228,0,1164,-642,-77,0
9236,0,1152,-462,-20,-3
9246,0,1150,-247,-26,4
9254,0,1160,-278,-44,5
9262,0,1178,-381,-62,18
9271,0,1205,-178,-20,10
9279,0,1245,71,-25,9
9288,0,1288,36,13,-1
9296,0,1342,-25,-3,1
9305,0,1395,49,6,0
9313,0,1459,159,11,-4
9321,0,1516,214,6,4
9330,0,1573,249,30,2
9338,0,1635,281,27,0
9347,0,1686,522,57,5
9355,0,1737,685,1,10
9363,0,1776,634,48,-4
9372,0,1808,446,42,9
9381,0,1833,486,66,12
9389,0,1847,537,50,3
9397,0,1849,524,40,3
9405,0,1842,325,27,-51
9417,0,1825,137,40,-6
9426,0,1783,150,-2,-2
9434,0,1740,51,1,2
9442,0,1695,-82,22,-7
9450,0,1644,-67,-10,1
9460,0,1589,-49,-13,2
9468,0,1517,-146,-21,0
9476,0,1459,-288,-20,-1
9484,0,1402,-326,-28,-3
9493,0,1347,-332,-50,-16
9502,0,1291,-451,-51,0
9510,0,1242,-530,-56,-3
9518,0,1206,-605,-74,7
9527,0,1178,-639,-26,-9
9535,0,1158,-540,-37,-2
9544,0,1150,-435,-40,-10
9552,0,1153,-428,-49,-2
9561,0,1166,-390,-4,9
9569,0,1192,-214,-23,5
9577,0,1224,8,-8,11
9586,0,1264,30,-9,-2
9597,0,1317,4,5,1
9606,0,1391,49,11,1
9614,0,1456,123,37,-4
9622,0,1515,189,30,-1
9631,0,1574,246,38,-4
9640,0,1638,308,-2,1
9648,0,1696,492,72,10
9656,0,1742,683,39,18
9664,0,1781,627,69,-16
9674,0,1812,509,39,-3
9682,0,1839,459,57,0
9690,0,1848,450,10,1
9698,0,1848,465,52,3
9707,0,1838,421,21,31
9716,0,1814,279,38,-15
9724,0,1779,131,4,11
9732,0,1739,14,18,-2
9741,0,1692,-77,16,-4
9749,0,1632,-48,-4,-5
9758,0,1575,-54,-30,3
9766,0,1508,-155,-7,-1
9775,0,1448,-267,-36,0
9783,0,1382,-337,-11,3
9794,0,1328,-420,-70,3
9803,0,1261,-578,-37,-7
9811,0,1216,-735,-83,-4
9819,0,1185,-693,-47,-5
9828,0,1163,-559,-20,0
9836,0,1151,-345,-32,2
9845,0,1151,-185,-51,3
9854,0,1163,-321,-27,10
9862,0,1189,-420,-59,23
9870,0,1221,-158,-24,12
9878,0,1262,57,-19,1
9888,0,1310,-2,-6,-3
9896,0,1378,-24,25,-2
9904,0,1436,103,2,-4
9912,0,1497,204,26,-6
9921,0,1558,289,40,4
9930,0,1624,348,34,0
9938,0,1685,528,71,5
9946,0,1734,699,-40,1
9955,0,1776,608,47,-4
9963,0,1813,425,41,3
9975,0,1835,307,65,-7
9983,0,1849,371,54,2
9991,0,1846,450,39,3
10000,0,1831,424,14,4
10008,0,1803,329,16,13
10017,0,1767,163,40,-10
10025,0,1718,74,10,-4
10034,0,1666,-44,-3,0
10042,0,1602,-88,13,-4
10050,0,1542,-48,-16,3
10059,0,1480,-184,-41,7
10068,0,1412,-389,-23,-2
10076,0,1346,-485,-33,-4
10084,0,1293,-542,-15,-15
10093,0,1247,-511,-36,4
10102,0,1204,-545,-55,-1
10110,0,1172,-582,-35,5
10118,0,1156,-519,-29,1
10127,0,1150,-497,-37,2
10135,0,1156,-499,-43,6
10144,0,1173,-393,-23,21
10163,0,1205,-13,-5,6
10172,0,1309,-9,-11,-2
10180,0,1371,31,-2,2
10189,0,1431,45,12,0
10197,0,1501,82,39,4
10206,0,1564,270,19,0
10214,0,1631,363,17,4
10222,0,1687,464,25,-7
10231,0,1737,645,54,26
10240,0,1784,667,65,20
10248,0,1819,567,52,14
10256,0,1839,480,70,-6
10265,0,1849,480,53,8
10274,0,1846,452,43,-3
10282,0,1829,344,49,13
10290,0,1802,256,37,13
10299,0,1766,179,23,-4
10307,0,1714,105,-3,6
10316,0,1661,-48,-1,-2
10325,0,1595,-95,11,-2
10333,0,1525,-50,-12,-1
10341,0,1461,-119,-18,2
10356,0,1399,-370,-34,-1
10364,0,1293,-550,-54,2
10372,0,1245,-688,-22,-8
10381,0,1206,-748,-83,-4
10389,0,1173,-609,-50,4
10398,0,1156,-546,-53,2
10406,0,1150,-419,-25,-11
10415,0,1156,-394,-18,1
10423,0,1178,-391,15,-1
10431,0,1208,-198,1,-6
10441,0,1249,-29,-1,0
10449,0,1311,0,-5,4
10457,0,1367,18,8,-5
10465,0,1429,77,0,2
10474,0,1493,129,30,3
10483,0,1565,249,10,-2
10491,0,1634,317,36,0
10499,0,1691,321,51,-3
10508,0,1741,524,60,2
10516,0,1788,705,27,20
10525,0,1820,626,40,7
10536,0,1842,440,71,0
10545,0,1849,483,43,-3
10553,0,1838,465,69,6
10561,0,1816,412,18,-14
10570,0,1784,226,35,-6
10579,0,1735,119,4,-15
10587,0,1676,55,-11,-3
10595,0,1618,-44,0,-2
10603,0,1555,-66,6,-2
10613,0,1490,-102,-29,2
10621,0,1409,-297,-53,3
10629,0,1348,-516,-58,1
10638,0,1292,-646,-59,1
10646,0,1238,-628,-52,3
10655,0,1199,-588,-27,5
10663,0,1168,-537,-49,-20
10672,0,1153,-484,-38,-4
10680,0,1150,-419,-77,6
10688,0,1161,-474,-44,5
10698,0,1183,-441,-24,-16
10706,0,1226,-188,-16,9
10717,0,1272,45,-18,12
10725,0,1348,0,-7,2
10733,0,1409,29,2,-2
10743,0,1474,137,15,-2
10751,0,1556,168,19,-1
10759,0,1620,257,45,-5
10767,0,1679,359,0,-7
10776,0,1732,559,65,-10
10785,0,1782,724,11,26
10793,0,1819,648,18,-14
10802,0,1840,551,24,-5
10810,0,1849,499,40,12
10818,0,1844,457,30,5
10827,0,1827,503,51,13
10836,0,1793,382,34,-23
10844,0,1746,205,27,-26
10852,0,1694,61,-3,-6
10860,0,1636,-99,6,-2
10870,0,1572,-113,7,-6
10878,0,1490,-109,-34,5
10886,0,1424,-234,-24,-2
10895,0,1360,-418,-50,4
10908,0,1295,-509,-48,-7
10916,0,1218,-560,-60,-1
10924,0,1184,-707,-21,1
10933,0,1161,-739,-46,-6
10941,0,1150,-694,-78,5
10950,0,1154,-598,-43,-15
10959,0,1173,-419,-13,-1
10967,0,1208,-132,-23,3
10975,0,1250,-3,-21,4
10983,0,1301,-8,-1,-1
10993,0,1360,62,-11,-6
11001,0,1441,179,19,6
11009,0,1508,214,39,5
11017,0,1575,262,20,-2
11026,0,1639,316,-9,3
11035,0,1705,446,68,-2
11043,0,1761,629,16,19
11051,0,1801,631,51,17
11060,0,1830,509,51,-8
11068,0,1847,500,60,9
11076,0,1849,523,50,18
11088,0,1837,482,57,5
11096,0,1797,395,27,16
11105,0,1755,205,26,2
11113,0,1697,88,1,-5
11122,0,1638,-41,-7,-6
11130,0,1565,-69,8,-3
11139,0,1497,-103,-26,-3
11147,0,1421,-265,-28,1
11155,0,1356,-380,-63,3
11165,0,1297,-493,-50,13
11173,0,1234,-622,-44,-2
11181,0,1195,-751,-73,-6
11189,0,1167,-776,-59,-10
11198,0,1152,-701,-45,-8
11207,0,1151,-573,-71,17
11215,0,1167,-450,-7,-4
11224,0,1195,-272,-12,8
11232,0,1240,-50,-24,5
11240,0,1291,41,-11,1
11249,0,1350,40,-6,-1
11260,0,1423,91,33,1
11269,0,1517,168,26,0
11277,0,1593,258,39,-2
11285,0,1658,317,-6,1
11294,0,1716,414,54,2
11303,0,1771,654,-1,19
11311,0,1813,681,23,14
11319,0,1838,558,45,9
11327,0,1849,527,69,5
11337,0,1846,512,43,11
11345,0,1824,513,86,17
11353,0,1792,385,8,-12
11362,0,1749,217,42,25
11370,0,1688,94,2,-2
11379,0,1626,-58,10,-12
11387,0,1550,-125,8,-4
11396,0,1481,-125,-19,0
11404,0,1404,-201,-20,-5
11412,0,1339,-332,-55,1
11421,0,1280,-526,-63,9
11430,0,1225,-696,-43,1
11438,0,1184,-774,-61,-7
11450,0,1160,-723,-61,-8
11458,0,1150,-553,-42,-4
11467,0,1161,-325,-36,-4
11475,0,1189,-122,-43,10
11484,0,1228,-281,-39,1
11492,0,1284,-370,-1,11
11500,0,1343,-10,12,9
11510,0,1409,230,2,8
11518,0,1496,124,12,-4
11526,0,1566,158,16,-5
11534,0,1633,310,-4,6
11543,0,1695,508,47,-3
11552,0,1756,654,35,-4
11560,0,1803,625,32,3
11568,0,1832,573,9,21
11577,0,1847,558,68,2
11585,0,1847,545,34,3
11594,0,1833,535,69,-10
11603,0,1800,423,28,11
11611,0,1751,271,26,4
11619,0,1697,85,12,11
11630,0,1635,-85,2,0
11639,0,1541,-109,-1,-4
11648,0,1461,-111,-24,1
11656,0,1383,-243,-34,-7
11664,0,1319,-362,-18,0
11672,0,1262,-440,-67,0
11682,0,1215,-580,-47,-13
11690,0,1173,-731,-78,-3
11698,0,1154,-778,-59,2
11707,0,1150,-693,-63,2
11715,0,1162,-559,-65,5
11724,0,1189,-484,-29,4
11732,0,1234,-332,10,11
11741,0,1286,-76,-2,-6
11749,0,1354,46,-22,-2
11757,0,1422,75,4,-4
11766,0,1494,112,8,6
11775,0,1574,241,38,-1
11783,0,1650,369,15,4
11791,0,1712,362,67,1
11799,0,1764,546,49,3
11811,0,1805,728,35,-8
11820,0,1843,605,39,-7
11828,0,1849,523,50,15
11836,0,1839,503,30,-3
11846,0,1815,528,48,0
11854,0,1766,423,0,19
11862,0,1714,218,16,-30
11870,0,1652,115,-10,10
11879,0,1584,-46,4,-3
11888,0,1503,-139,6,-3
11896,0,1422,-196,-27,-6
11904,0,1354,-321,-29,2
11913,0,1291,-433,-56,2
11921,0,1232,-561,-51,7
11929,0,1191,-731,-20,-7
11938,0,1163,-783,-33,-9
11947,0,1150,-744,-46,-6
11955,0,1156,-593,-58,4
11963,0,1176,-478,-61,-12
11972,0,1211,-360,-21,-14
11981,0,1266,-153,-18,-5
11992,0,1333,40,-8,-2
12000,0,1427,78,-7,2
12008,0,1500,99,27,-7
12018,0,1572,234,37,1
12026,0,1659,369,24,-3
12034,0,1720,349,24,-4
12043,0,1772,495,72,-16
12051,0,1816,693,7,20
12060,0,1840,687,57,15
12068,0,1849,510,37,0
12077,0,1841,522,55,-1
12085,0,1814,519,70,5
12093,0,1776,523,18,9
12102,0,1724,338,53,-7
12111,0,1655,148,3,26
12119,0,1577,-76,-5,-2
12127,0,1503,-177,11,-12
12135,0,1430,-192,-41,1
12145,0,1359,-291,-22,-14
12153,0,1280,-399,-44,4
12161,0,1228,-574,-73,6
12172,0,1187,-759,-63,-3
12181,0,1155,-781,-41,-3
12190,0,1150,-705,-41,-3
12198,0,1165,-653,-67,6
12207,0,1194,-541,-21,8
12215,0,1244,-318,6,10
12223,0,1300,-42,-15,10
12232,0,1365,39,-8,1
12241,0,1446,95,0,-9
12249,0,1530,207,15,0
12257,0,1603,374,34,-1
12265,0,1672,417,15,0
12275,0,1732,501,79,15
12283,0,1793,703,-31,10
12291,0,1827,700,58,-2
12299,0,1846,596,12,15
12308,0,1849,534,64,7
12317,0,1833,525,57,-7
12325,0,1798,501,52,3
12334,0,1752,315,25,9
12342,0,1687,163,0,13
12361,0,1619,-147,-5,-8
12370,0,1443,-164,-13,-13
12378,0,1362,-214,-12,-4
12386,0,1296,-227,-28,9
12395,0,1240,-308,-57,-3
12404,0,1191,-517,-73,-3
12412,0,1160,-710,-31,-9
12420,0,1150,-790,-52,-17
12429,0,1155,-754,-47,-11
12437,0,1181,-661,-52,-6
12446,0,1220,-671,-8,-1
12455,0,1279,-542,7,-18
12463,0,1351,-158,-13,-5
12471,0,1423,130,1,0
12479,0,1498,202,12,-5
12489,0,1574,306,18,-2
12497,0,1663,447,21,2
12505,0,1726,534,54,6
12513,0,1778,673,27,2
12522,0,1817,698,25,2
12531,0,1843,600,77,3
12542,0,1849,539,96,-4
12550,0,1827,557,63,12
12559,0,1793,506,60,-6
12567,0,1737,368,20,-4
12576,0,1676,117,1,-4
12584,0,1597,-36,7,1
12593,0,1521,-138,-4,-4
12601,0,1435,-231,-37,-9
12609,0,1362,-341,-29,-4
12618,0,1295,-487,-53,6
12627,0,1232,-624,-36,4
12635,0,1185,-664,-73,3
12643,0,1159,-686,-43,-8
12652,0,1150,-642,-42,-7
12661,0,1159,-556,-26,0
12669,0,1190,-548,-56,3
12677,0,1233,-489,-22,14
12686,0,1289,-208,-11,5
12694,0,1364,35,-23,0
12703,0,1438,40,-15,3
12712,0,1525,67,18,-1
12722,0,1610,312,43,5
12731,0,1697,456,16,0
12739,0,1762,468,58,-11
12748,0,1806,606,57,17
12757,0,1838,735,12,9
12765,0,1849,633,30,-5
12773,0,1841,563,77,16
12781,0,1816,530,26,14
12791,0,1775,500,72,-4
12799,0,1705,420,16,21
12807,0,1637,205,31,28
12816,0,1563,29,-4,7
12824,0,1475,-86,-1,-12
12833,0,1399,-109,-6,-3
12841,0,1319,-230,-28,9
12850,0,1257,-469,-30,0
12858,0,1202,-649,-75,1
12866,0,1168,-733,-32,-9
12875,0,1151,-755,-45,3
12884,0,1153,-762,-37,0
12892,0,1177,-686,-57,-4
12903,0,1215,-644,-46,5
12912,0,1291,-422,-57,-7
12921,0,1368,-88,-17,-5
12929,0,1453,113,-11,1
12937,0,1532,238,33,-3
12945,0,1609,367,4,-1
12955,0,1680,461,36,2
12963,0,1756,472,45,-1
12971,0,1803,602,96,-10
12979,0,1834,749,39,11
12988,0,1849,630,57,-25
12996,0,1844,602,53,-4
13005,0,1820,534,45,0
13014,0,1775,527,42,-5
13022,0,1712,406,13,4
13030,0,1644,197,33,7
13038,0,1568,-33,2,3
13048,0,1489,-173,-4,-8
13056,0,1392,-221,-24,-7
13064,0,1320,-313,-15,3
13072,0,1257,-452,-53,9
13084,0,1206,-657,-28,-14
13093,0,1159,-758,-86,3
13101,0,1150,-791,-45,18
13109,0,1160,-687,-48,-6
13118,0,1188,-665,-45,-4
13127,0,1239,-547,-21,3
13135,0,1307,-238,-8,5
13143,0,1379,59,-37,7
13152,0,1456,91,-12,-4
13160,0,1546,155,26,-5
13169,0,1623,385,38,4
13177,0,1703,477,19,-1
13186,0,1762,549,82,-13
13194,0,1812,703,11,-8
13202,0,1840,692,68,14
13211,0,1849,604,41,-10
13220,0,1838,556,61,-9
13228,0,1805,579,60,-15
13236,0,1758,496,56,14
13245,0,1697,350,40,9
13254,0,1616,141,18,18
13265,0,1528,-134,9,-5
13273,0,1418,-190,-11,-4
13281,0,1342,-326,-28,-22
13290,0,1275,-523,-43,-16
13299,0,1213,-704,-57,-12
13307,0,1171,-742,-56,-6
13316,0,1152,-740,-46,-1
13324,0,1153,-705,-40,-14
13332,0,1173,-553,-45,3
13341,0,1211,-494,-34,8
13350,0,1272,-451,-18,0
13358,0,1348,-218,0,-8
13366,0,1425,65,-17,1
13374,0,1505,113,2,1
13384,0,1586,144,0,2
13392,0,1679,289,35,-2
13400,0,1744,416,25,-2
13408,0,1795,513,64,-5
13417,0,1830,673,11,0
13426,0,1849,675,84,-6
13434,0,1843,582,42,11
13445,0,1818,553,97,5
13454,0,1756,549,72,-9
13462,0,1686,496,41,1
13471,0,1612,370,43,5
13479,0,1522,122,4,-4
13488,0,1440,-101,-8,0
13496,0,1352,-278,-24,6
13504,0,1283,-428,-27,-22
13513,0,1225,-579,-48,0
13522,0,1178,-702,-55,0
13530,0,1153,-787,-99,-4
13538,0,1151,-796,-64,-6
13546,0,1168,-686,-64,-11
13556,0,1204,-649,-30,-11
13564,0,1271,-536,14,18
13572,0,1339,-293,3,9
13581,0,1416,-34,-19,16
13589,0,1509,87,21,-1
13598,0,1590,257,26,-3
13606,0,1676,430,24,1
13617,0,1742,479,44,-3
13626,0,1810,607,94,7
13634,0,1841,721,42,-10
13643,0,1849,717,52,8
13651,0,1835,579,91,6
13660,0,1802,524,15,20
13668,0,1746,584,57,8
13676,0,1680,474,27,15
13685,0,1605,206,26,-7
13694,0,1513,-24,-7,-5
13702,0,1420,-152,-13,-4
13710,0,1342,-183,-39,1
13719,0,1272,-323,-48,6
13728,0,1210,-543,-51,-3
13736,0,1168,-730,-42,1
13744,0,1151,-757,-85,3
13753,0,1153,-755,-45,0
13761,0,1179,-720,-37,2
13770,0,1222,-714,-89,-16
13779,0,1289,-667,-28,-13
13787,0,1371,-336,-5,-2
13798,0,1451,36,-3,5
13806,0,1566,175,16,-4
13815,0,1646,362,10,0
13824,0,1725,504,33,1
13832,0,1788,504,29,6
13840,0,1827,608,101,7
13848,0,1847,723,41,19
13858,0,1847,720,61,18
13866,0,1819,631,73,2
13874,0,1776,552,44,-1
13883,0,1716,551,40,4
13891,0,1635,480,16,13
13900,0,1554,249,-7,17
13908,0,1459,-48,-10,2
13917,0,1377,-283,-29,-3
13925,0,1294,-443,-25,9
13933,0,1232,-541,-63,4
13943,0,1186,-705,-46,-7
13951,0,1154,-738,-73,-4
13959,0,1151,-783,-63,-3
13967,0,1168,-710,-39,-1
13979,0,1205,-674,-91,4
13988,0,1291,-614,-54,-18
13996,0,1375,-275,31,5
14004,0,1457,35,7,2
14013,0,1542,207,11,2
14022,0,1634,361,21,-5
14030,0,1716,493,27,1
14038,0,1776,500,59,-2
14047,0,1820,667,54,-19
14055,0,1846,730,51,12
14064,0,1848,689,55,17
14072,0,1825,620,48,2
14081,0,1784,549,63,-9
14089,0,1718,571,15,-3
14097,0,1646,411,4,14
14105,0,1564,130,19,-5
14115,0,1479,-88,-9,3
14123,0,1375,-207,-6,-5
14131,0,1299,-289,-43,-2
14140,0,1235,-413,-57,-3
14148,0,1183,-663,-55,-1
14160,0,1156,-786,-82,0
14168,0,1155,-771,-72,-12
14176,0,1180,-707,-56,5
14185,0,1224,-663,-90,10
14194,0,1294,-576,-6,2
14202,0,1379,-276,-29,-1
14211,0,1462,27,-12,2
14219,0,1559,155,2,0
14227,0,1642,252,15,2
14236,0,1715,413,14,3
14245,0,1783,474,89,2
14253,0,1828,647,55,-8
14261,0,1848,694,72,6
14269,0,1846,672,18,2
14279,0,1823,587,106,2
14287,0,1767,554,32,-2
14295,0,1704,591,54,-13
14304,0,1628,461,35,-2
14312,0,1533,247,43,-34
14321,0,1446,-22,-23,-2
14329,0,1353,-259,-16,-6
14338,0,1279,-438,-42,-10
14349,0,1213,-577,-66,-8
14357,0,1162,-714,-52,-18
14366,0,1150,-789,-80,4
14375,0,1161,-831,-43,0
14383,0,1199,-678,-70,-5
14391,0,1253,-589,-48,-4
14399,0,1322,-458,-23,-1
14409,0,1402,-140,-15,-6
14417,0,1510,59,-2,6
14425,0,1596,138,-4,-8
14433,0,1676,232,32,-6
14442,0,1746,415,22,3
14451,0,1805,471,89,-1
14459,0,1840,612,56,8
14468,0,1849,702,50,10
14476,0,1833,678,0,18
14484,0,1797,580,75,-13
14493,0,1742,557,-3,-11
14502,0,1662,599,81,12
14510,0,1569,453,34,4
14521,0,1481,135,9,-4
14529,0,1364,-95,-12,3
14538,0,1288,-289,-44,-7
14547,0,1218,-456,-36,-10
14555,0,1171,-587,-55,-1
14563,0,1151,-719,-42,-12
14572,0,1153,-800,-74,-5
14581,0,1182,-800,-63,-4
14589,0,1236,-739,-46,8
14598,0,1302,-667,-82,10
14606,0,1391,-572,-14,4
14614,0,1478,-243,-11,-6
14623,0,1566,39,-2,6
14632,0,1660,224,12,-8
14640,0,1741,385,14,3
14648,0,1797,507,25,-3
14656,0,1834,496,54,1
14666,0,1849,653,75,10
14674,0,1837,775,33,5
14682,0,1803,736,25,-4
14691,0,1749,605,80,-4
14702,0,1669,561,42,4
14711,0,1554,475,51,7
14719,0,1454,249,19,-15
14727,0,1368,-94,-15,10
14736,0,1290,-306,-23,4
14744,0,1219,-407,-38,-8
14753,0,1176,-569,-48,-4
14762,0,1151,-702,-27,-4
14770,0,1156,-807,-50,2
14778,0,1183,-816,-49,4
14786,0,1232,-700,-78,-3
14796,0,1297,-695,-28,-6
14804,0,1398,-568,2,8
14812,0,1486,-208,-4,-7
14820,0,1575,132,5,6
14829,0,1659,323,25,-4
14838,0,1741,412,28,0
14846,0,1803,496,15,6
14854,0,1838,566,72,-3
14863,0,1849,686,58,18
14871,0,1835,713,109,0
14883,0,1799,615,20,8
14891,0,1709,565,29,-3
14900,0,1631,621,54,-10
14908,0,1532,488,26,2
14916,0,1442,219,35,29
14925,0,1356,-61,-15,1
14934,0,1271,-309,-15,-9
14942,0,1204,-463,-34,-2
14950,0,1166,-575,-54,-2
14958,0,1150,-688,-56,-4
14968,0,1157,-805,-70,-11
14976,0,1198,-822,-50,1
14984,0,1254,-705,-46,1
14993,0,1326,-643,-72,-18
15001,0,1421,-555,-19,-15
15010,0,1511,-248,9,-2
15018,0,1611,66,-3,-2
15027,0,1693,253,6,-1
15035,0,1769,378,32,-6
15043,0,1817,476,16,-2
15052,0,1844,534,75,-1
15063,0,1847,712,30,18
15072,0,1810,707,35,1
15080,0,1750,634,39,5
15089,0,1679,582,55,5
15098,0,1584,575,31,5
15106,0,1482,420,12,3
15114,0,1392,110,41,-11
15122,0,1310,-168,-12,-6
15132,0,1240,-321,-32,-4
15140,0,1178,-444,-51,1
15148,0,1153,-623,-34,-13
15156,0,1152,-747,-77,-3
15165,0,1174,-792,-30,2
15174,0,1226,-757,-71,-17
15182,0,1301,-710,-82,1
15191,0,1383,-684,-13,2
15199,0,1484,-439,-15,-2
15207,0,1575,-22,2,8
15216,0,1662,265,-4,0
15225,0,1745,352,9,-8
15233,0,1807,435,16,-2
15244,0,1840,571,84,-13
15252,0,1847,717,12,-19
15261,0,1823,720,87,2
15270,0,1769,630,71,6
15278,0,1692,583,86,24
15286,0,1609,585,73,-4
15295,0,1519,500,21,11
15304,0,1415,234,11,-7
15312,0,1319,-99,-9,0
15320,0,1247,-305,-17,7
15329,0,1192,-408,-22,-22
15337,0,1157,-575,-51,-16
15346,0,1150,-702,-44,-5
15355,0,1172,-802,-51,-3
15363,0,1223,-792,-74,12
15371,0,1289,-703,-80,20
15379,0,1370,-647,-29,-5
15389,0,1460,-472,2,-1
15397,0,1576,-149,19,7
15405,0,1663,142,-10,-2
15416,0,1739,331,29,0
15424,0,1814,453,11,4
15434,0,1844,519,40,-14
15442,0,1846,664,33,2
15450,0,1820,721,50,43
15459,0,1771,666,42,24
15467,0,1693,586,93,-11
15476,0,1609,562,20,9
15484,0,1506,523,45,6
15493,0,1413,320,-5,35
15501,0,1316,26,-1,-1
15509,0,1244,-204,3,-8
15518,0,1190,-379,-10,-7
15527,0,1155,-510,-50,-1
15535,0,1152,-662,-52,-1
15543,0,1176,-795,-35,1
15552,0,1222,-776,-66,-6
15561,0,1299,-725,-57,-14
15569,0,1393,-725,-62,6
15577,0,1486,-652,-33,-15
15586,0,1579,-333,6,-8
15597,0,1677,171,6,0
15606,0,1775,330,10,-6
15614,0,1827,419,21,-3
15623,0,1848,475,14,-3
15631,0,1842,603,106,4
15639,0,1810,700,21,-5
15648,0,1755,744,45,3
15657,0,1672,616,73,-2
15665,0,1573,566,36,7
15673,0,1479,602,41,25
15681,0,1386,444,25,36
15691,0,1301,31,5,-8
15699,0,1217,-244,9,-8
15707,0,1172,-325,-40,-11
15716,0,1151,-464,-71,0
15724,0,1158,-669,-32,-16
15733,0,1191,-807,-63,-12
15741,0,1255,-787,-83,1
15750,0,1331,-703,-55,-6
15758,0,1431,-677,-53,12
15766,0,1526,-607,-11,-20
15778,0,1619,-102,-20,-1
15787,0,1740,204,18,4
15795,0,1806,333,2,-7
15803,0,1840,422,35,-1
15811,0,1849,462,24,-9
15821,0,1833,625,85,-6
15829,0,1777,709,41,-12
15837,0,1709,697,80,-17
15845,0,1626,579,93,5
15854,0,1533,563,29,-3
15863,0,1426,543,55,3
15871,0,1325,273,-12,2
15879,0,1250,-95,9,-8
15888,0,1192,-307,4,-2
15896,0,1156,-370,-70,-8
15905,0,1151,-553,-49,0
15914,0,1176,-704,-44,-6
15922,0,1232,-780,-25,-6
15930,0,1303,-752,-57,8
15938,0,1390,-704,-61,5
15948,0,1484,-673,-45,-3
15959,0,1603,-329,4,2
15967,0,1719,88,0,-4
15975,0,1785,301,16,3
15984,0,1830,370,19,2
15993,0,1849,443,20,-2
16001,0,1836,551,63,-9
16009,0,1796,685,42,4
16018,0,1734,699,46,-10
16027,0,1644,606,48,-2
16035,0,1539,564,72,-7
16043,0,1442,572,71,17
16052,0,1350,488,-3,32
16060,0,1260,112,16,3
16068,0,1199,-218,11,-13
16077,0,1162,-331,-22,-6
16086,0,1150,-428,-72,5
16094,0,1172,-651,-18,6
16102,0,1219,-755,-63,4
16112,0,1287,-803,-40,-5
16120,0,1394,-722,-36,-20
16128,0,1490,-658,-60,5
16139,0,1587,-452,-30,-8
16147,0,1707,-79,-8,-20
16157,0,1777,247,-1,3
16165,0,1833,362,18,-3
16173,0,1849,415,13,4
16181,0,1839,464,82,3
16190,0,1802,654,31,10
16199,0,1732,734,87,10
16207,0,1640,589,55,5
16216,0,1546,573,66,-6
16224,0,1436,567,42,-11
16232,0,1343,466,47,16
16241,0,1263,120,9,17
16250,0,1194,-216,2,-12
16258,0,1156,-333,-39,-3
16266,0,1151,-445,-53,-7
16274,0,1173,-623,-47,-5
16284,0,1220,-754,-62,6
16292,0,1310,-771,-52,-3
16300,0,1399,-725,-53,-5
16309,0,1496,-670,-59,13
16320,0,1605,-505,-8,-20
16329,0,1723,-101,2,3
16337,0,1796,237,3,-2
16345,0,1836,378,11,4
16354,0,1849,435,24,1
16362,0,1832,474,61,-5
16371,0,1788,663,22,21
16380,0,1711,709,74,15
16388,0,1613,631,36,3
16396,0,1516,593,73,17
16404,0,1418,541,10,4
16414,0,1326,484,20,4
16422,0,1231,128,15,-15
16430,0,1179,-218,4,-12
16438,0,1152,-380,-42,-7
16447,0,1154,-474,-39,-4
16456,0,1188,-610,-56,-3
16464,0,1254,-729,-77,10
16473,0,1333,-772,-61,0
16481,0,1439,-680,-86,10
16489,0,1538,-655,-47,-12
16501,0,1634,-409,8,19
16509,0,1756,-24,-1,-7
16518,0,1812,262,-3,2
16526,0,1846,367,19,-2
16534,0,1846,413,16,5
16544,0,1818,520,96,-15
16552,0,1748,663,48,9
16560,0,1668,726,55,-14
16568,0,1575,624,27,25
16577,0,1475,548,92,-17
16586,0,1366,530,34,12
16594,0,1270,338,2,7
16602,0,1205,-45,-22,6
16611,0,1164,-325,9,-18
16619,0,1150,-466,-40,-11
16628,0,1168,-520,-32,-5
16637,0,1220,-685,-58,2
16645,0,1302,-761,-26,-1
16653,0,1392,-704,-67,9
16661,0,1490,-665,-52,0
16673,0,1590,-427,-3,-2
16682,0,1723,-48,21,-7
16690,0,1797,253,5,1
16698,0,1837,369,21,0
16706,0,1849,389,-2,5
16716,0,1833,527,77,-17
16724,0,1774,693,12,23
16732,0,1700,696,43,6
16740,0,1610,528,51,-30
16749,0,1511,546,67,-18
16758,0,1399,575,51,1
16766,0,1297,389,-9,-32
16775,0,1224,57,7,3
16783,0,1169,-267,2,-14
16791,0,1150,-378,-25,-5
16800,0,1159,-484,-78,1
16809,0,1204,-639,-82,-4
16817,0,1280,-739,-55,-13
16825,0,1367,-759,-67,-6
16833,0,1465,-675,-67,-7
16843,0,1566,-555,-22,-1
16854,0,1684,-248,0,11
16862,0,1785,113,8,-2
16870,0,1831,321,7,0
16878,0,1849,386,17,-1
16888,0,1838,486,57,-7
16896,0,1784,651,26,-1
16904,0,1714,688,78,4
16913,0,1625,583,47,9
16921,0,1513,572,61,-8
16930,0,1412,543,22,18
16938,0,1307,401,20,-25
16947,0,1231,83,-6,14
16955,0,1173,-258,4,1
16963,0,1151,-384,-51,1
16972,0,1158,-493,-29,-2
16981,0,1200,-611,-58,-1
16989,0,1275,-752,-23,3
16997,0,1362,-728,-68,-4
17006,0,1461,-710,-87,7
17015,0,1576,-723,-33,14
17023,0,1682,-529,10,-12
17034,0,1761,-5,-9,11
17042,0,1831,221,-17,-1
17052,0,1849,336,11,7
17060,0,1830,450,34,0
17068,0,1782,493,40,-6
17076,0,1710,620,95,-6
17085,0,1620,721,3,2
17094,0,1506,698,46,12
17102,0,1392,593,35,14
17110,0,1300,427,18,8
17119,0,1225,156,1,-11
17127,0,1169,-173,3,0
17136,0,1150,-375,-15,-10
17144,0,1164,-473,-41,-4
17153,0,1208,-614,-50,-4
17161,0,1287,-683,-39,-3
17169,0,1378,-656,-74,9
17179,0,1479,-695,-66,2
17187,0,1607,-630,-37,-4
17195,0,1699,-262,-17,-9
17203,0,1774,112,3,2
17214,0,1826,300,19,-5
17224,0,1849,387,8,2
17232,0,1821,449,29,-6
17240,0,1766,628,51,26
17248,0,1688,700,63,15
17257,0,1593,622,25,-1
17266,0,1477,540,105,3
17274,0,1364,551,36,5
17282,0,1275,461,40,6
17291,0,1206,110,6,-11
17299,0,1160,-225,9,-3
17308,0,1150,-396,-47,-1
17317,0,1176,-491,-24,-17
17325,0,1238,-609,-48,-7
17333,0,1318,-721,-35,-6
17341,0,1415,-710,-55,-7
17351,0,1518,-681,-75,8
17359,0,1645,-613,-42,-7
17367,0,1732,-339,-16,8
17376,0,1799,48,7,-8
17384,0,1842,272,-9,-5
17396,0,1848,381,7,0
17404,0,1799,406,65,-18
17412,0,1733,644,27,21
17421,0,1645,722,44,12
17429,0,1532,614,61,0
17438,0,1427,542,77,-9
17446,0,1318,488,29,11
17455,0,1237,418,-19,-49
17463,0,1175,72,-13,-9
17471,0,1151,-270,-6,-4
17481,0,1158,-435,-46,8
17489,0,1209,-493,-31,-9
17497,0,1280,-621,-67,5
17505,0,1371,-734,-37,-7
17514,0,1474,-705,-89,-3
17523,0,1592,-650,-53,-2
17531,0,1699,-539,-27,1
17540,0,1775,-184,-7,-6
17548,0,1831,152,-6,3
17556,0,1849,320,14,0
17565,0,1836,361,5,2
17576,0,1784,532,101,-2
17585,0,1677,699,33,8
17593,0,1566,661,65,14
17601,0,1460,537,68,-11
17610,0,1358,568,38,3
17619,0,1259,476,35,10
17627,0,1188,197,-5,-7
17635,0,1155,-161,-13,-2
17644,0,1153,-390,-4,-14
17653,0,1188,-454,-47,1
17661,0,1260,-549,-62,4
17669,0,1348,-699,-43,-10
17678,0,1449,-717,-23,-2
17686,0,1569,-660,-81,-3
17695,0,1668,-636,-33,-15
17704,0,1762,-359,10,-9
17712,0,1824,12,0,1
17720,0,1848,254,-9,3
17728,0,1840,344,20,0
17738,0,1801,382,-10,-1
17746,0,1713,531,66,2
17757,0,1619,705,77,9
17765,0,1475,604,60,-11
17773,0,1371,520,29,1
17783,0,1279,387,36,-12
17791,0,1193,168,1,4
17799,0,1156,-174,12,2
17807,0,1152,-366,-26,-4
17816,0,1179,-471,-37,2
17825,0,1246,-590,-52,-5
17833,0,1342,-649,-26,1
17842,0,1444,-649,-69,-5
17850,0,1565,-693,-32,2
17858,0,1666,-573,-28,2
17867,0,1751,-210,4,5
17876,0,1819,137,0,-4
17884,0,1848,257,-9,-12
17892,0,1840,345,21,-1
17901,0,1800,408,15,7
17910,0,1721,587,66,-33
17918,0,1615,668,16,-5
17926,0,1509,656,92,7
17937,0,1403,540,76,-3
17947,0,1273,489,31,10
17955,0,1189,312,27,-42
17963,0,1155,-2,-5,-3
17971,0,1153,-305,10,-5
17980,0,1184,-429,-23,-2
17988,0,1255,-486,-59,-2
17997,0,1343,-620,-39,2
18006,0,1459,-693,-48,-1
18014,0,1580,-640,-83,1
18022,0,1680,-621,-13,-5
18030,0,1763,-388,-18,-17
18040,0,1821,-41,8,-7
18048,0,1849,216,-9,1
18056,0,1835,294,33,-9
18064,0,1788,424,42,-8
18073,0,1713,603,32,5
18082,0,1605,639,31,-20
18090,0,1485,578,54,-14
18099,0,1378,502,96,4
18107,0,1273,504,35,16
18119,0,1202,232,5,13
18127,0,1151,-101,-11,0
18135,0,1158,-315,-1,-10
18144,0,1199,-398,-18,-5
18152,0,1279,-538,-54,10
18161,0,1373,-676,-27,10
18170,0,1493,-666,-50,1
18178,0,1614,-652,-58,2
18186,0,1710,-583,-57,4
18194,0,1786,-299,-5,-13
18204,0,1834,62,9,-2
18212,0,1848,282,16,-3
18220,0,1821,354,4,-3
18228,0,1762,388,49,-6
18237,0,1678,606,24,15
18246,0,1563,682,65,-31
18254,0,1440,567,23,3
18262,0,1337,493,59,4
18271,0,1249,394,21,5
18279,0,1180,134,6,0
18288,0,1151,-179,5,-10
18299,0,1160,-381,-29,0
18308,0,1228,-498,-52,-5
18316,0,1322,-607,-40,-1
18324,0,1424,-622,-39,4
18333,0,1534,-662,-64,3
18342,0,1652,-613,-19,-11
18350,0,1752,-337,-10,-2
18358,0,1815,44,-10,5
18366,0,1846,219,-3,-2
18376,0,1844,295,13,-9
18384,0,1792,353,-8,3
18392,0,1718,557,54,3
18401,0,1622,661,17,5
18409,0,1500,611,81,-2
18418,0,1391,533,43,-1
18426,0,1282,512,57,9
18435,0,1207,378,-3,54
18443,0,1158,90,21,4
18451,0,1151,-230,2,-10
18460,0,1178,-361,2,-10
18469,0,1247,-441,-54,3
18480,0,1348,-636,-41,-1
18488,0,1496,-653,-64,5
18496,0,1606,-620,-94,4
18506,0,1705,-619,-26,-4
18514,0,1799,-331,-12,-8
18522,0,1840,2,6,-1
18530,0,1848,255,-3,-3
18539,0,1821,352,-1,-4
18548,0,1751,337,24,-3
18556,0,1650,554,63,16
18564,0,1543,672,36,-4
18573,0,1432,620,52,-14
18581,0,1315,489,53,3
18590,0,1231,399,25,36
18599,0,1169,162,-5,2
18607,0,1150,-162,-4,-11
18615,0,1170,-350,-25,-9
18623,0,1224,-467,-22,-7
18633,0,1306,-557,-50,10
18641,0,1435,-611,-25,-9
18649,0,1546,-649,-97,7
18660,0,1653,-609,-22,13
18669,0,1773,-274,-19,8
18678,0,1832,82,2,3
18686,0,1849,238,-2,-10
18694,0,1826,315,8,-7
18703,0,1769,342,26,-2
18711,0,1673,574,32,0
18720,0,1568,675,28,33
18728,0,1442,571,90,3
18737,0,1335,485,97,-7
18745,0,1236,467,27,6
18753,0,1177,250,14,25
18763,0,1150,-108,5,-3
18771,0,1168,-320,-24,-8
18779,0,1221,-401,-33,3
18787,0,1303,-527,-66,11
18796,0,1405,-648,-51,9
18805,0,1531,-645,-25,-8
18813,0,1653,-650,-62,1
18822,0,1745,-582,-30,10
18830,0,1818,-222,2,-1
18841,0,1848,190,-5,2
18850,0,1830,298,10,-10
18858,0,1766,347,-8,-2
18867,0,1680,461,85,-6
18875,0,1561,652,-5,2
18883,0,1448,674,53,-2
18892,0,1340,530,56,5
18901,0,1239,469,75,-3
18909,0,1173,343,1,19
18917,0,1150,22,1,0
18925,0,1163,-253,0,-6
18935,0,1212,-380,-24,2
18943,0,1315,-495,-29,2
18951,0,1420,-596,-31,-6
18960,0,1533,-613,-49,-5
18968,0,1656,-636,-45,-10
18977,0,1748,-553,-43,-12
18985,0,1820,-238,-3,-8
18994,0,1848,97,-5,0
19002,0,1836,265,5,6
19010,0,1787,306,-3,-2
19022,0,1708,507,67,2
19031,0,1551,637,38,9
19039,0,1423,593,62,1
19047,0,1317,512,65,0
19056,0,1231,513,19,-3
19065,0,1168,356,9,3
19073,0,1150,4,4,-10
19081,0,1173,-255,-4,4
19089,0,1231,-344,-9,-3
19099,0,1318,-475,-61,3
19107,0,1452,-635,-19,-11
19115,0,1567,-650,-65,-7
19123,0,1674,-637,-53,-1
19132,0,1763,-553,-27,-10
19140,0,1828,-306,-19,2
19149,0,1849,41,5,-4
19158,0,1828,237,-13,-1
19166,0,1763,292,11,-2
19174,0,1674,381,52,-22
19182,0,1566,615,13,10
19192,0,1452,640,29,2
19203,0,1317,504,49,17
19211,0,1204,444,60,6
19219,0,1159,282,-18,24
19229,0,1151,-66,17,-1
19237,0,1193,-289,-4,-6
19245,0,1265,-405,-35,5
19253,0,1362,-487,-53,-3
19262,0,1474,-599,-23,1
19271,0,1603,-595,-66,2
19279,0,1718,-614,-31,-6
19287,0,1795,-407,-10,0
19296,0,1840,-66,3,7
19304,0,1846,192,-4,0
19313,0,1812,274,14,-1
19322,0,1732,392,20,1
19330,0,1621,597,20,-5
19338,0,1507,622,24,8
19346,0,1393,545,39,1
19356,0,1290,514,48,-2
19364,0,1194,491,36,12
19372,0,1155,220,19,8
19383,0,1154,-208,8,0
19391,0,1213,-318,-11,-13
19401,0,1294,-426,-56,6
19409,0,1427,-594,-14,-5
19417,0,1543,-638,-47,-4
19425,0,1654,-614,-73,8
19434,0,1748,-588,-31,3
19443,0,1821,-370,-18,-5
19451,0,1849,-16,-12,1
19460,0,1833,228,0,5
19468,0,1771,301,10,2
19476,0,1684,368,57,9
19485,0,1576,588,4,19
19494,0,1445,633,42,-1
19502,0,1321,548,50,0
19510,0,1232,482,42,6
19518,0,1173,440,43,-1
19528,0,1150,134,6,-16
19536,0,1176,-192,2,-4
19544,0,1237,-350,-25,-18
19553,0,1328,-437,-39,-1
19564,0,1453,-596,-37,-2
19573,0,1613,-590,-41,-5
19581,0,1727,-592,-34,-9
19589,0,1802,-421,-18,-10
19598,0,1843,-94,-11,4
19606,0,1843,135,-2,-1
19615,0,1802,266,10,-8
19624,0,1716,437,13,4
19632,0,1599,568,24,15
19640,0,1482,553,51,9
19648,0,1367,532,23,0
19658,0,1268,509,64,8
19666,0,1181,419,10,-19
19674,0,1151,132,19,-13
19682,0,1161,-170,17,1
19691,0,1209,-303,-38,-3
19700,0,1302,-403,-39,3
19708,0,1423,-570,-49,0
19717,0,1541,-648,-32,-1
19725,0,1667,-628,-79,-3
19733,0,1760,-581,-27,-10
19745,0,1823,-295,-24,6
19753,0,1847,59,7,-3
19762,0,1814,258,1,-7
19770,0,1734,316,6,3
19778,0,1634,364,67,-20
19787,0,1519,590,-7,18
19796,0,1387,639,32,11
19804,0,1271,542,48,-23
19812,0,1196,456,61,-4
19821,0,1155,354,11,2
19830,0,1157,71,4,-11
19838,0,1208,-222,-5,-2
19846,0,1289,-359,-25,2
19855,0,1395,-474,-42,-2
19863,0,1527,-579,-48,3
19872,0,1642,-606,-48,3
19880,0,1752,-572,-49,-10
19889,0,1818,-437,-19,-4
19897,0,1849,-144,-20,1
19905,0,1834,114,1,-5
19915,0,1780,244,23,-10
19926,0,1667,485,22,10
19934,0,1510,584,19,12
19942,0,1392,557,66,-3
19950,0,1286,527,15,-2
19960,0,1205,434,39,-6
19968,0,1153,205,5,-6
19976,0,1156,-128,11,-7
19984,0,1199,-328,-28,-8
19993,0,1278,-422,-29,-5
20002,0,1396,-504,-47,2
20010,0,1530,-543,-31,2
20019,0,1645,-602,-66,12
20027,0,1754,-549,6,4
20035,0,1820,-238,-27,3
20044,0,1849,91,-7,-4
20053,0,1832,253,6,1
20061,0,1765,282,20,-7
20069,0,1673,447,51,7
20077,0,1560,650,-33,11
20087,0,1440,605,63,-7
20095,0,1301,511,36,-1
20106,0,1215,437,9,3
20114,0,1153,263,-17,0
20123,0,1156,-100,8,-8
20132,0,1208,-299,-19,1
20140,0,1303,-380,-36,-1
20148,0,1412,-535,-37,-7
20157,0,1532,-628,-15,-4
20166,0,1662,-640,-27,0
20174,0,1768,-614,-6,-12
20182,0,1828,-495,-18,0
20191,0,1849,-149,-6,-4
20199,0,1824,161,-10,2
20208,0,1760,277,16,-3
20216,0,1651,308,10,-3
20225,0,1535,452,52,13
20233,0,1400,646,-5,-5
20241,0,1292,662,45,0
20251,0,1208,498,17,-6
20259,0,1154,341,55,-22
20267,0,1156,137,-8,-5
20275,0,1200,-154,-11,-2
20286,0,1279,-425,-9,-3
20296,0,1430,-487,-43,4
20304,0,1581,-543,-51,3
20312,0,1692,-571,-31,10
20320,0,1780,-518,-4,-1
20329,0,1835,-299,-27,-4
20338,0,1848,22,-14,2
20346,0,1808,197,15,-3
20354,0,1732,322,5,-9
20363,0,1629,510,19,-7
20371,0,1494,537,45,3
20380,0,1375,549,69,-2
20389,0,1259,527,43,13
20397,0,1180,454,43,-7
20405,0,1150,225,-1,-10
20413,0,1163,-100,8,-7
20423,0,1217,-266,-20,0
20431,0,1332,-367,-38,-17
20439,0,1447,-516,-50,-9
20448,0,1569,-621,-22,5
20456,0,1696,-613,-55,10
20468,0,1784,-507,-32,-1
20476,0,1848,-253,-19,0
20484,0,1838,53,2,-1
20493,0,1787,220,11,-5
20501,0,1688,365,36,-10
20510,0,1575,536,25,-12
20518,0,1437,564,11,10
20527,0,1322,536,50,15
20535,0,1220,521,30,0
20543,0,1164,416,33,-2
20553,0,1150,177,-10,0
20561,0,1193,-144,15,4
20569,0,1270,-292,-35,-8
20577,0,1375,-400,-40,12
20586,0,1496,-529,-46,-1
20595,0,1632,-603,-36,-7
20603,0,1747,-591,-40,-1
20611,0,1817,-453,-8,-1
20620,0,1848,-206,-20,3
20628,0,1832,42,11,0
20640,0,1773,340,15,8
20648,0,1625,469,30,7
20656,0,1504,458,40,-16
20665,0,1382,523,46,3
20673,0,1263,541,17,16
20682,0,1188,419,54,-7
20691,0,1151,197,-4,-4
20699,0,1168,-114,7,-1
20707,0,1227,-298,1,-1
20715,0,1320,-388,-41,4
20725,0,1436,-509,-36,-7
20733,0,1590,-581,-35,-1
20741,0,1702,-561,-55,7
20749,0,1789,-465,0,-7
20758,0,1839,-207,-10,5
20767,0,1845,53,-6,-2
20775,0,1796,286,1,-10
20784,0,1712,452,11,34
20792,0,1587,480,22,9
20800,0,1463,501,63,-13
20809,0,1344,555,52,-1
20818,0,1234,511,65,-3
20829,0,1166,305,19,18
20837,0,1155,-25,3,-2
20845,0,1200,-225,-8,-1
20854,0,1282,-339,-29,1
20863,0,1407,-493,-27,-1
20871,0,1546,-617,-42,-8
20879,0,1665,-630,-25,2
20888,0,1762,-576,-36,5
20897,0,1832,-436,-10,1
20905,0,1848,-139,-22,-3
20913,0,1816,137,-18,4
20922,0,1743,269,31,-11
20930,0,1624,405,67,-8
20939,0,1501,564,-10,6
20948,0,1364,579,57,1
20956,0,1248,530,46,5
20964,0,1178,454,39,-1
20972,0,1150,262,17,-10
20982,0,1166,-31,0,7
20990,0,1246,-280,-10,-9
20998,0,1347,-395,-42,4
21009,0,1468,-495,-39,-4
21017,0,1638,-542,-12,-2
21027,0,1742,-585,-74,2
21035,0,1828,-542,2,-2
21043,0,1849,-244,-12,-4
21051,0,1826,98,4,3
21060,0,1761,255,2,3
21069,0,1647,283,4,-6
21077,0,1510,457,39,-1
21086,0,1385,617,14,10
21094,0,1264,616,50,-8
21102,0,1188,453,21,0
21111,0,1152,252,20,-11
21120,0,1165,26,-21,7
21128,0,1233,-233,-10,1
21136,0,1331,-415,-28,3
21144,0,1451,-496,-30,-5
21154,0,1577,-522,-41,-2
21162,0,1719,-536,-48,7
21170,0,1801,-502,-8,5
21179,0,1845,-242,-2,3
21191,0,1839,146,-4,2
21199,0,1747,292,42,-8
21207,0,1643,441,26,-6
21215,0,1520,558,12,-5
21224,0,1394,568,40,6
21233,0,1270,513,42,12
21241,0,1184,461,51,3
21249,0,1151,274,17,21
21258,0,1163,-34,2,-6
21266,0,1230,-283,-22,-3
21275,0,1327,-397,-55,8
21283,0,1463,-481,-48,0
21292,0,1590,-557,-32,4
21300,0,1717,-582,-67,2
21308,0,1801,-503,-22,-14
21318,0,1845,-270,-19,-1
21326,0,1835,27,-13,3
21334,0,1777,209,20,-6
21342,0,1683,350,16,-4
21351,0,1564,511,2,-8
21360,0,1421,537,24,4
21371,0,1291,540,57,4
21379,0,1181,505,55,3
21387,0,1150,393,30,-49
21396,0,1166,83,10,-15
21405,0,1236,-207,8,0
21413,0,1350,-347,-21,-8
21421,0,1474,-454,-41,4
21430,0,1601,-571,-23,-2
21438,0,1727,-589,-34,-3
21447,0,1807,-500,-24,1
21456,0,1848,-327,-7,-6
21464,0,1831,-91,-13,-1
21472,0,1767,178,15,3
21480,0,1669,388,23,-18
21490,0,1547,453,16,-8
21498,0,1388,429,58,-24
21506,0,1276,529,38,7
21514,0,1194,524,12,4
21523,0,1153,343,48,15
21532,0,1163,50,16,3
21540,0,1230,-194,0,-7
21551,0,1328,-364,-57,3
21560,0,1498,-491,-33,-1
21568,0,1640,-564,-32,-1
21577,0,1746,-598,-75,11
21586,0,1825,-594,-9,11
21594,0,1849,-374,-9,-2
21602,0,1820,-24,15,-2
21610,0,1747,224,-2,0
21620,0,1641,294,13,-4
21628,0,1483,383,46,9
21636,0,1358,582,41,-2
21644,0,1251,641,12,-9
21653,0,1179,511,59,16
21662,0,1150,406,47,2
21670,0,1180,239,11,19
21679,0,1254,-54,-4,3
21687,0,1377,-305,-19,0
21695,0,1504,-440,-30,-4
21704,0,1631,-515,-41,2
21713,0,1752,-549,-39,1
21721,0,1828,-544,-41,0
21732,0,1849,-373,5,-1
21740,0,1800,-73,-21,-2
21749,0,1715,141,23,0
21758,0,1584,314,0,-4
21766,0,1438,459,39,15
21774,0,1317,523,33,-7
21782,0,1220,512,38,-1
21792,0,1163,447,7,-4
21800,0,1156,200,22,7
21808,0,1204,-95,6,-2
21816,0,1293,-285,-19,-1
21825,0,1410,-372,-27,0
21834,0,1556,-476,-39,1
21842,0,1692,-495,-25,6
21851,0,1786,-446,-31,0
21859,0,1843,-282,5,0
21867,0,1844,-26,-12,1
21876,0,1796,191,20,-12
21885,0,1695,406,28,3
21893,0,1559,518,-14,9
21901,0,1428,491,10,15
21912,0,1307,510,50,-6
21921,0,1188,470,57,2
21930,0,1150,308,7,3
21938,0,1173,-26,7,4
21946,0,1243,-245,-4,-1
21954,0,1348,-358,-42,0
21964,0,1475,-496,-31,-7
21972,0,1636,-598,-36,3
21980,0,1745,-596,-32,2
21989,0,1819,-518,-42,8
21997,0,1849,-310,-16,4
22006,0,1824,-29,-11,-2
22014,0,1742,169,7,-7
22023,0,1632,356,9,2
22031,0,1486,500,16,13
22039,0,1358,534,37,14
22048,0,1250,538,48,13
22057,0,1171,500,-12,6
22065,0,1150,345,41,-41
22073,0,1184,16,2,1
22081,0,1263,-248,-9,1
22093,0,1375,-432,-25,-7
22102,0,1570,-484,-43,3
22110,0,1705,-543,-22,5
22118,0,1795,-566,-77,6
22128,0,1844,-486,0,7
22136,0,1835,-178,-18,1
22144,0,1774,112,-7,-1
22152,0,1674,257,21,-8
22161,0,1549,430,27,-10
22169,0,1402,555,13,-2
22178,0,1284,552,54,-6
22186,0,1189,534,65,13
22195,0,1151,480,59,1
22203,0,1168,291,30,35
22211,0,1234,8,-7,-4
22221,0,1337,-258,-8,-8
22229,0,1497,-399,-28,1
22237,0,1627,-484,-28,2
22245,0,1739,-565,-35,7
22254,0,1817,-559,-54,6
22263,0,1849,-519,-16,-3
22274,0,1819,-195,-18,4
22282,0,1704,78,-1,-2
22290,0,1583,264,14,-11
22300,0,1451,401,2,-26
22308,0,1297,508,37,7
22316,0,1205,522,36,13
22325,0,1156,505,9,1
22333,0,1160,331,27,24
22342,0,1215,42,15,-11
22350,0,1327,-202,2,-7
22359,0,1453,-342,-9,-6
22367,0,1602,-448,-18,8
22375,0,1720,-500,-25,-5
22384,0,1805,-469,-45,2
22393,0,1848,-371,-10,2
22401,0,1828,-117,2,2
22409,0,1758,99,-2,0
22417,0,1651,318,21,5
22427,0,1522,477,17,17
22435,0,1358,500,22,-5
22443,0,1248,507,70,-16
22452,0,1175,494,45,7
22463,0,1150,302,12,23
22472,0,1206,-20,8,-11
22480,0,1313,-246,1,-11
22488,0,1438,-363,-34,-3
22497,0,1572,-459,-50,-1
22505,0,1709,-566,-31,0
22514,0,1799,-577,-54,5
22523,0,1847,-529,-27,4
22531,0,1831,-310,-15,3
22539,0,1765,12,-9,-1
22547,0,1660,199,12,1
22557,0,1531,347,44,12
22565,0,1365,530,24,6
22573,0,1253,566,26,5
22581,0,1178,496,66,3
22590,0,1150,356,37,31
22599,0,1179,80,19,-5
22607,0,1269,-179,14,-8
22615,0,1386,-311,-4,-1
22624,0,1519,-427,-34,4
22632,0,1665,-488,-17,-2
22644,0,1769,-452,-24,11
22652,0,1847,-285,8,-3
22661,0,1836,-38,-16,6
22669,0,1764,155,34,1
22677,0,1658,408,-3,10
22686,0,1528,529,-1,29
22695,0,1377,490,27,-17
22703,0,1250,514,14,13
22711,0,1176,510,29,5
22719,0,1150,390,23,36
22729,0,1176,92,8,-5
22737,0,1275,-187,4,-8
22745,0,1394,-303,-38,2
22754,0,1529,-438,-60,2
22762,0,1674,-569,-32,-2
22771,0,1776,-623,-25,10
22779,0,1841,-530,-26,-7
22788,0,1844,-311,4,1
22796,0,1787,26,2,-6
22804,0,1689,288,8,2
22813,0,1563,348,16,-12
22824,0,1410,414,20,24
22833,0,1250,523,42,19
22841,0,1169,512,40,-8
22849,0,1150,258,24,16
22859,0,1184,-26,14,7
22867,0,1292,-224,-12,-4
22875,0,1415,-357,-5,6
22883,0,1551,-470,-66,4
22892,0,1679,-517,-22,0
22901,0,1790,-513,-51,-4
22909,0,1846,-401,-4,-8
22918,0,1839,-120,-14,-3
22926,0,1771,100,-1,-1
22934,0,1666,293,19,3
22943,0,1535,469,18,17
22952,0,1383,519,18,9
22960,0,1253,521,64,9
22968,0,1177,531,46,-5
22976,0,1150,490,26,1
22986,0,1176,250,3,4
22994,0,1277,-85,13,3
23005,0,1398,-342,-12,10
23013,0,1585,-444,-39,0
23021,0,1709,-562,-37,-4
23031,0,1800,-594,-18,-2
23039,0,1849,-577,-45,2
23047,0,1828,-435,1,-8
23056,0,1757,-154,-19,2
23064,0,1630,104,-23,-3
23073,0,1495,280,18,-4
23081,0,1345,471,29,4
23090,0,1236,534,23,-2
23098,0,1163,529,68,-7
23106,0,1152,448,-2,1
23115,0,1195,209,21,14
23124,0,1299,-83,-1,-8
23132,0,1442,-254,-4,-1
23140,0,1580,-341,-29,-5
23149,0,1705,-463,-31,-2
23158,0,1807,-464,-58,-5
23166,0,1849,-414,-16,-4
23174,0,1829,-238,-8,0
23185,0,1758,74,5,0
23195,0,1597,278,36,1
23203,0,1426,487,11,-36
23211,0,1299,489,0,-7
23219,0,1204,494,33,-7
23228,0,1154,508,30,5
23236,0,1163,421,42,6
23245,0,1227,148,6,-12
23254,0,1349,-171,-1,-10
23262,0,1500,-338,-26,11
23270,0,1636,-428,-41,4
23278,0,1750,-514,-55,-1
23288,0,1825,-568,-19,-2
23296,0,1847,-449,-23,2
23304,0,1803,-242,9,-5
23313,0,1711,114,-4,1
23321,0,1569,358,-3,-7
23330,0,1430,359,6,9
23338,0,1288,365,38,3
23347,0,1196,514,28,11
23355,0,1150,473,32,14
23367,0,1168,99,23,11
23375,0,1289,-158,8,-11
23383,0,1414,-287,-7,4
23392,0,1553,-383,-39,-3
23400,0,1699,-510,-27,-3
23409,0,1795,-507,-20,3
23418,0,1847,-416,-18,-5
23426,0,1830,-223,-15,-4
23434,0,1759,4,12,3
23442,0,1646,255,41,-13
23452,0,1511,467,6,-25
23460,0,1341,459,24,-24
23468,0,1232,490,33,9
23476,0,1165,530,45,6
23485,0,1151,449,35,15
23494,0,1202,176,4,2
23502,0,1313,-151,6,-17
23511,0,1443,-328,-23,-2
23519,0,1600,-440,-19,-9
23527,0,1723,-532,-51,-5
23536,0,1811,-552,-25,-12
23547,0,1849,-490,4,-6
23556,0,1801,-284,-9,-1
23564,0,1693,8,-17,5
23572,0,1563,202,20,-2
23582,0,1423,365,12,3
23590,0,1267,525,1,24
23598,0,1183,508,64,-7
23606,0,1150,474,30,-5
23615,0,1173,325,30,-30
23624,0,1261,33,26,-5
23632,0,1397,-226,-9,-8
23640,0,1537,-323,-27,2
23649,0,1671,-429,-38,10
23657,0,1788,-475,-15,-7
23666,0,1843,-464,-48,6
23675,0,1838,-343,-2,-4
23683,0,1764,-65,-16,1
23691,0,1653,112,14,-9
23699,0,1516,310,1,7
23709,0,1377,498,-16,-27
23717,0,1233,530,-9,5
23728,0,1165,500,21,-9
23736,0,1161,442,44,16
23744,0,1224,259,-1,-21
23754,0,1331,-33,1,-7
23762,0,1502,-272,-15,-9
23770,0,1640,-394,-41,-1
23779,0,1755,-483,-26,-5
23787,0,1835,-545,-35,-2
23796,0,1847,-495,-22,-6
23804,0,1794,-319,-9,-2
23813,0,1695,-8,3,-7
23821,0,1546,270,2,6
23829,0,1405,348,9,-8
23838,0,1279,361,33,-22
23847,0,1182,466,31,-14
23855,0,1150,519,2,3
23863,0,1182,205,6,-15
23872,0,1267,-111,12,-7
23881,0,1407,-255,-4,3
23889,0,1566,-332,-38,-2
23897,0,1697,-453,-41,1
23916,0,1796,-489,5,-6
23925,0,1821,-258,1,2
23933,0,1725,36,-1,2
23942,0,1600,196,2,2
23950,0,1441,347,2,-2
23958,0,1308,531,-5,14
23967,0,1207,525,47,-2
23976,0,1152,495,42,12
23984,0,1170,388,30,24
23992,0,1243,127,9,-10
24001,0,1360,-143,2,-9
24010,0,1517,-305,-42,1
24018,0,1671,-415,-28,11
24026,0,1779,-513,-33,2
24035,0,1840,-547,-28,10
24043,0,1841,-459,-21,-13
24052,0,1781,-273,-1,-6
24061,0,1658,17,4,3
24069,0,1502,187,12,-3
24077,0,1362,368,-1,8
24085,0,1245,540,12,25
24097,0,1170,494,60,12
24106,0,1163,398,15,-10
24114,0,1241,142,8,-10
24122,0,1357,-142,13,2
24130,0,1497,-311,-32,-7
24140,0,1637,-398,-58,4
24148,0,1778,-465,-19,-2
24156,0,1840,-472,-33,0
24165,0,1844,-385,-1,6
24173,0,1780,-149,8,-5
24182,0,1672,98,2,-2
24190,0,1517,232,25,-8
24199,0,1375,464,18,-2
24207,0,1242,563,-1,9
24215,0,1168,538,22,18
24224,0,1151,431,9,12
24233,0,1201,228,17,-3
24241,0,1315,-40,4,8
24249,0,1451,-269,-20,-3
24257,0,1595,-382,-40,2
24267,0,1722,-489,-42,1
24278,0,1827,-488,-34,-3
24286,0,1842,-381,-9,-5
24294,0,1784,-177,-1,-1
24304,0,1677,50,-5,4
24312,0,1504,254,37,1
24320,0,1362,480,2,36
24328,0,1244,496,42,-23
24337,0,1169,480,21,-13
24345,0,1153,430,13,12
24354,0,1201,175,22,12
24363,0,1315,-110,4,-7
24371,0,1470,-307,-11,-6
24379,0,1613,-403,-37,-3
24387,0,1738,-486,-27,2
24397,0,1821,-511,-36,9
24405,0,1847,-463,-7,6
24413,0,1801,-270,4,-7
24421,0,1703,24,-8,10
24430,0,1570,168,4,-5
24439,0,1407,314,35,5
24447,0,1264,528,22,-6
24455,0,1179,566,27,20
24467,0,1150,349,13,7
24476,0,1217,149,29,19
24484,0,1341,-113,3,-4
24492,0,1481,-281,-10,-7
24501,0,1625,-397,-40,1
24509,0,1760,-459,-16,2
24518,0,1832,-481,-72,-1
24527,0,1845,-409,-5,5
24535,0,1782,-154,-21,-6
24543,0,1674,82,-13,-4
24551,0,1535,274,14,-10
24561,0,1390,474,17,-24
24569,0,1238,552,14,14
24577,0,1166,516,59,2
24585,0,1152,444,28,9
24594,0,1198,233,24,-16
24603,0,1312,-44,-4,2
24611,0,1467,-258,-21,-2
24620,0,1612,-369,-33,3
24628,0,1751,-479,-20,-5
24639,0,1828,-500,-42,1
24648,0,1840,-419,0,-8
24656,0,1766,-209,-11,-1
24665,0,1650,24,-7,-9
24673,0,1489,292,35,-5
24681,0,1347,478,1,12
24690,0,1232,463,16,6
24699,0,1158,463,50,-3
24707,0,1160,386,-8,-13
24715,0,1226,150,1,11
24723,0,1339,-155,11,-5
24733,0,1481,-306,-27,0
24741,0,1660,-419,-32,-5
24749,0,1773,-496,-21,-6
24758,0,1839,-488,-44,2
24766,0,1841,-403,-2,-6
24775,0,1778,-144,-17,4
24783,0,1650,106,-20,2
24792,0,1507,250,18,-7
24800,0,1345,439,34,-8
24808,0,1230,528,55,-2
24820,0,1162,523,50,-17
24828,0,1173,404,11,23
24837,0,1254,133,17,11
24845,0,1396,-134,5,2
24853,0,1543,-318,-19,-4
24863,0,1682,-417,-42,5
24871,0,1808,-533,-25,-2
24879,0,1849,-497,-30,-1
24887,0,1827,-366,-15,-3
24896,0,1747,-39,11,-4
24905,0,1605,248,-11,4
24913,0,1440,347,15,-1
24922,0,1303,351,28,19
24930,0,1191,439,26,2
24938,0,1150,516,-11,0
24947,0,1172,329,20,-13
24956,0,1265,-1,10,-12
24964,0,1412,-224,8,-7
24972,0,1560,-328,-17,5
24980,0,1697,-443,-37,2
24990,0,1799,-523,-31,-3
25001,0,1849,-549,-21,-7
25009,0,1793,-329,-24,0
25017,0,1687,-20,-11,-6
25026,0,1548,198,6,0
25035,0,1382,355,43,0
25043,0,1243,475,40,5
25051,0,1167,538,46,-3
25060,0,1152,497,47,-4
25068,0,1209,309,-5,19
25077,0,1316,-13,-3,0
25085,0,1475,-235,1,-5
25094,0,1622,-355,-47,-5
25102,0,1760,-468,-36,-1
25110,0,1834,-469,-28,0
25120,0,1847,-356,-41,3
25128,0,1775,-75,14,0
25136,0,1660,232,0,2
25144,0,1516,376,-3,6
25153,0,1369,348,24,7
25162,0,1233,429,62,20
25170,0,1158,526,-1,23
25181,0,1157,305,15,31
25189,0,1256,16,-10,1
25198,0,1383,-209,-16,-1
25207,0,1550,-362,-41,0
25215,0,1705,-461,-36,-7
25224,0,1805,-556,-47,-6
25232,0,1849,-535,-31,-2
25240,0,1821,-272,-34,5
25249,0,1734,86,-1,1
25258,0,1586,312,-11,-12
25266,0,1418,342,27,-8
25274,0,1283,367,43,8
25282,0,1188,494,38,-5
25292,0,1150,430,-1,63
25300,0,1192,158,8,11
25308,0,1291,-159,6,-8
25316,0,1428,-314,-16,-3
25325,0,1578,-391,-51,2
25334,0,1728,-510,-25,-2
25342,0,1826,-501,-31,-2
25351,0,1849,-401,-14,0
25362,0,1798,-76,-14,6
25371,0,1644,189,1,-4
25379,0,1478,396,34,-3
25387,0,1333,484,31,16
25396,0,1219,468,34,3
25404,0,1154,469,45,-2
25412,0,1163,323,16,6
25421,0,1235,25,-7,-3
25430,0,1373,-247,-9,1
25438,0,1541,-384,-23,-4
25446,0,1684,-473,-37,-7
25456,0,1792,-521,-21,-4
25464,0,1849,-477,-36,1
25472,0,1822,-310,-6,-9
25480,0,1735,-17,-6,5
25489,0,1604,181,-5,3
25497,0,1435,315,63,-7
25506,0,1296,492,36,9
25514,0,1186,547,37,7
25523,0,1150,497,24,-1
25531,0,1187,298,-7,13
25543,0,1283,-90,-1,0
25551,0,1495,-268,-7,-5
25559,0,1643,-382,-48,-10
25568,0,1765,-508,-34,-1
25576,0,1841,-497,-47,2
25585,0,1841,-418,-2,-8
25594,0,1765,-176,-5,-13
25602,0,1626,95,-19,-2
25610,0,1476,224,17,-6
25618,0,1330,379,41,-27
25628,0,1216,536,20,-22
25636,0,1151,541,38,2
25644,0,1172,417,9,9
25653,0,1254,171,17,6
25661,0,1402,-125,-8,-6
25670,0,1554,-292,-23,-1
25678,0,1711,-415,-36,-2
25687,0,1809,-513,-16,-3
25695,0,1849,-496,-24,5
25703,0,1815,-405,-37,3
25713,0,1721,-161,-5,-3
25724,0,1546,180,-8,0
25732,0,1341,270,35,-5
25740,0,1223,424,52,17
25748,0,1158,565,14,-6
25758,0,1158,539,53,12
25766,0,1248,319,25,22
25774,0,1375,31,15,-3
25783,0,1526,-205,-17,-2
25791,0,1689,-342,-31,2
25800,0,1796,-470,-41,3
25808,0,1849,-506,-27,0
25817,0,1825,-374,-32,-4
25825,0,1724,-61,-13,4
25833,0,1588,208,-14,12
25843,0,1435,311,36,6
25851,0,1264,339,26,7
25859,0,1176,417,59,9
25867,0,1150,503,2,18
25876,0,1191,298,31,-19
25885,0,1307,-13,3,-19
25893,0,1470,-235,-5,-5
25904,0,1622,-370,-43,-5
25912,0,1787,-489,-39,4
25921,0,1845,-513,-25,-2
25930,0,1830,-378,-42,-6
25938,0,1735,-54,8,-8
25947,0,1601,256,-8,-4
25955,0,1429,346,45,9
25963,0,1289,345,33,12
25972,0,1189,431,45,7
25981,0,1150,504,-12,36
25989,0,1195,252,-13,8
25997,0,1299,-116,-7,-9
26006,0,1442,-310,-12,-7
26015,0,1614,-379,-54,-9
26023,0,1758,-490,-37,-5
26031,0,1835,-472,-7,-1
26040,0,1846,-347,-17,-3
26048,0,1778,-141,-1,-5
26057,0,1660,108,-3,4
26065,0,1491,336,31,-1
26074,0,1341,439,43,4
26085,0,1211,473,64,6
26093,0,1150,497,19,8
26102,0,1186,393,0,-16
26111,0,1299,104,0,-8
26119,0,1461,-176,-17,-8
26127,0,1615,-366,-29,-5
26135,0,1746,-450,-26,3
26145,0,1829,-457,-36,-1
26153,0,1841,-328,5,-5
26161,0,1776,-27,-2,-5
26169,0,1655,264,-16,14
26178,0,1505,299,33,-13
26187,0,1336,347,58,19
26195,0,1207,402,51,-12
26204,0,1153,369,11,30
26212,0,1173,152,7,4
26220,0,1260,-145,1,-6
26229,0,1394,-352,-33,-8
26238,0,1568,-431,-24,20
26246,0,1726,-535,-69,8
26254,0,1819,-548,-4,-12
26265,0,1849,-404,-30,1
26275,0,1779,-141,-7,-1
26283,0,1625,145,-16,2
26291,0,1471,254,14,-2
26299,0,1322,317,51,-1
26308,0,1209,516,21,2
26317,0,1151,605,20,7
26325,0,1180,482,-11,-6
26333,0,1274,173,35,-8
26342,0,1412,-98,6,4
26350,0,1588,-252,-14,-2
26359,0,1726,-380,-40,3
26367,0,1827,-509,-34,-8
26376,0,1848,-523,-22,-1
26384,0,1789,-428,-16,2
26392,0,1675,-208,4,-3
26402,0,1525,77,-11,5
26410,0,1335,213,7,-1
26418,0,1217,383,49,24
26426,0,1155,519,38,2
26435,0,1162,495,59,-7
26447,0,1251,300,4,23
26455,0,1460,1,4,-7
26463,0,1615,-243,-16,-3
26471,0,1748,-377,-38,-4
26481,0,1831,-468,-42,-1
26489,0,1840,-402,-8,-4
26497,0,1770,-161,-12,2
26505,0,1646,141,2,1
26514,0,1492,304,11,7
26523,0,1323,325,43,11
26531,0,1198,380,54,-10
26540,0,1151,487,22,24
26548,0,1182,357,8,22
26556,0,1278,30,5,4
26564,0,1419,-205,0,-4
26574,0,1576,-338,-43,-2
26582,0,1747,-448,-54,6
26590,0,1831,-544,-26,-4
26598,0,1847,-521,-32,3
26608,0,1793,-372,-10,1
26616,0,1644,-86,-5,1
26627,0,1489,189,-7,6
26635,0,1287,286,52,-1
26643,0,1186,464,39,0
26653,0,1150,546,26,-9
26661,0,1203,464,11,27
26669,0,1315,171,9,12
26677,0,1465,-129,-5,2
26686,0,1621,-293,-26,-1
26695,0,1767,-395,-47,6
26703,0,1843,-458,-28,-10
26712,0,1837,-327,-10,-4
26720,0,1749,-55,1,-1
26728,0,1615,196,-2,3
26737,0,1458,292,16,11
26746,0,1293,347,46,1
26754,0,1181,432,53,-16
26762,0,1150,426,3,13
26771,0,1190,233,15,16
26780,0,1311,-88,14,-1
26788,0,1481,-278,-11,-3
26796,0,1637,-379,-39,6
26807,0,1765,-514,-41,-2
26816,0,1848,-524,-46,-1
26825,0,1817,-436,-39,-4
26833,0,1704,-174,-1,2
26841,0,1557,130,0,3
26850,0,1398,263,19,-3
26858,0,1246,344,54,-12
26867,0,1165,526,6,0
26875,0,1157,551,49,-3
26884,0,1225,370,20,15
26892,0,1368,55,7,19
26900,0,1526,-202,-11,-1
26910,0,1678,-315,-55,3
26918,0,1813,-417,-43,1
26926,0,1849,-442,-23,1
26934,0,1814,-262,-14,-8
26943,0,1713,52,-3,-1
26952,0,1548,277,-11,-5
26960,0,1370,312,39,-1
26969,0,1239,331,47,-3
26977,0,1157,472,45,8
26988,0,1160,385,-1,-27
26997,0,1276,72,11,-8
27005,0,1439,-180,8,-6
27014,0,1599,-339,-28,-3
27022,0,1752,-436,-23,2
27030,0,1834,-548,-53,1
27039,0,1845,-535,-33,-5
27048,0,1772,-370,-24,3
27056,0,1628,-57,16,1
27064,0,1469,244,-8,2
27072,0,1317,350,22,-7
27082,0,1203,402,39,-10
27090,0,1150,446,50,-4
27098,0,1189,520,4,19
27107,0,1294,319,-24,14
27115,0,1462,-55,6,3
27124,0,1621,-288,-9,-7
27132,0,1768,-376,-27,-3
27141,0,1840,-451,-47,7
27149,0,1835,-464,-5,-12
27157,0,1755,-256,-8,-5
27169,0,1622,162,-16,1
27177,0,1383,301,9,-10
27186,0,1248,318,46,7
27194,0,1160,420,50,1
27202,0,1158,414,5,-6
27212,0,1228,227,3,-6
27220,0,1393,-124,-5,5
27228,0,1554,-322,-9,-2
27236,0,1703,-400,-38,10
27245,0,1809,-482,-24,0
27254,0,1849,-487,-64,-4
27262,0,1796,-455,-7,-4
27270,0,1681,-228,-21,-1
27279,0,1528,119,3,4
27287,0,1350,304,15,1
27296,0,1224,344,29,-5
27304,0,1153,361,99,-10
27313,0,1168,528,13,1
27321,0,1269,496,30,-4
27329,0,1412,162,-4,14
27339,0,1573,-217,21,-9
27350,0,1750,-368,-23,2
27358,0,1846,-413,-20,6
27366,0,1830,-377,-12,0
27374,0,1743,-205,-14,-6
27384,0,1604,83,8,3
27392,0,1403,306,15,-8
27400,0,1262,353,33,5
27408,0,1171,366,56,-26
27417,0,1152,452,15,35
27426,0,1218,330,7,34
27434,0,1361,-5,2,-7
27443,0,1521,-260,-1,-8
27451,0,1694,-370,-29,3
27459,0,1804,-461,-47,5
27468,0,1849,-494,-17,-5
27477,0,1810,-332,-28,-2
27485,0,1686,-44,3,-2
27493,0,1532,218,-20,-3
27501,0,1371,310,37,-2
27511,0,1238,366,27,-11
27519,0,1153,445,45,-15
27530,0,1168,397,-6,33
27538,0,1303,96,-1,2
27547,0,1455,-191,-3,-10
27556,0,1637,-325,-31,-1
27564,0,1780,-395,-47,7
27572,0,1844,-497,-23,-8
27581,0,1834,-431,-23,4
27590,0,1736,-251,-22,0
27598,0,1573,-16,-11,0
27606,0,1410,215,36,-14
27615,0,1266,424,5,-1
27623,0,1166,447,19,-5
27632,0,1154,439,37,-1
27640,0,1230,365,35,-1
27649,0,1360,106,0,6
27657,0,1542,-201,-16,-4
27665,0,1695,-374,-34,1
27675,0,1806,-453,-57,-7
27683,0,1848,-430,-8,-1
27691,0,1797,-234,-11,-2
27699,0,1680,28,-7,-2
27710,0,1524,314,-4,-3
27720,0,1308,344,6,-3
27728,0,1177,409,60,24
27736,0,1150,470,-6,-3
27744,0,1200,325,23,4
27753,0,1316,32,-11,6
27762,0,1493,-213,-7,0
27770,0,1672,-347,-50,-10
27779,0,1792,-460,-48,9
27787,0,1849,-544,-41,-1
27795,0,1819,-462,-39,0
27804,0,1718,-265,-27,2
27813,0,1548,-13,-16,-2
27821,0,1365,241,8,-3
27829,0,1232,417,4,-2
27837,0,1159,444,27,0
27847,0,1160,444,73,3
27855,0,1266,459,-3,19
27863,0,1411,201,-8,-4
27871,0,1576,-121,-6,-3
27880,0,1724,-308,-10,0
27892,0,1829,-421,-33,-6
27900,0,1825,-491,-26,-7
27908,0,1731,-352,-9,1
27917,0,1585,-58,-4,-6
27925,0,1400,208,-8,10
27934,0,1257,312,16,-9
27942,0,1162,325,35,27
27951,0,1157,448,48,13
27959,0,1242,407,15,47
27967,0,1379,134,6,9
27976,0,1543,-195,4,-7
27985,0,1715,-345,-29,-8
27993,0,1826,-417,-44,-2
28001,0,1848,-459,-42,-8
28010,0,1792,-336,-17,1
28019,0,1652,-55,-12,-3
28027,0,1469,231,1,4
28035,0,1312,331,28,7
28044,0,1197,337,22,-31
28052,0,1150,454,43,14
28061,0,1190,383,12,-20
28072,0,1318,8,5,12
28080,0,1539,-246,2,-5
28089,0,1695,-361,-32,0
28097,0,1816,-451,-56,0
28106,0,1849,-484,-9,-3
28115,0,1792,-415,-38,-3
28123,0,1652,-213,-9,1
28131,0,1490,67,-9,7
28139,0,1330,192,1,-7
28149,0,1207,368,54,-2
28157,0,1150,514,39,15
28165,0,1192,490,21,2
28173,0,1303,289,18,15
28182,0,1460,-17,6,-1
28191,0,1644,-232,-5,-6
28199,0,1788,-363,-48,2
28207,0,1847,-460,-30,0
28216,0,1827,-407,-21,-3
28224,0,1717,-257,-21,1
28233,0,1566,-45,1,0
28242,0,1379,146,2,3
28250,0,1227,371,29,-2
28261,0,1156,477,30,3
28269,0,1187,465,38,-2
28278,0,1295,360,13,47
28287,0,1471,117,2,-1
28295,0,1656,-159,8,-7
28303,0,1783,-329,-25,2
28311,0,1846,-426,-23,-2
28321,0,1830,-471,-35,-9
28329,0,1705,-318,6,-7
28337,0,1550,4,-9,3
28345,0,1383,237,-4,-1
28354,0,1243,291,-2,-10
28363,0,1157,337,53,37
28371,0,1169,385,43,-28
28380,0,1261,247,3,-17
28388,0,1428,-64,-6,1
28396,0,1596,-291,-9,2
28405,0,1741,-396,-33,-1
28414,0,1837,-487,-33,-8
28422,0,1836,-431,-27,-4
28430,0,1752,-262,-28,3
28441,0,1609,38,7,3
28450,0,1380,199,34,5
28459,0,1227,393,17,2
28467,0,1153,492,44,-7
28475,0,1171,489,42,9
28483,0,1266,363,15,-9
28493,0,1414,101,4,-10
28501,0,1623,-160,-1,-2
28509,0,1762,-323,-34,4
28518,0,1840,-437,-39,-3
28526,0,1833,-505,-16,4
28535,0,1745,-348,-12,-7
28543,0,1579,-48,6,-6
28552,0,1410,208,-6,9
28560,0,1247,305,24,-14
28568,0,1163,306,29,-14
28577,0,1157,437,46,-9
28586,0,1245,434,10,-16
28594,0,1407,187,25,-6
28602,0,1576,-133,13,-10
28611,0,1727,-282,-11,1
28623,0,1832,-383,-26,-9
28631,0,1819,-406,-29,-1
28639,0,1715,-237,4,-5
28647,0,1561,99,-7,4
28657,0,1392,287,-9,5
28665,0,1221,306,25,-7
28673,0,1154,333,28,-13
28681,0,1168,321,19,18
28690,0,1260,125,-5,4
28699,0,1429,-149,6,-5
28707,0,1619,-322,-36,1
28715,0,1759,-431,-36,-1
28724,0,1839,-502,-21,-9
28732,0,1833,-362,-7,-1
28740,0,1744,-69,-8,-3
28750,0,1598,208,-6,7
28758,0,1387,311,17,-2
28766,0,1244,361,45,34
28774,0,1162,445,57,-15
28784,0,1159,439,-16,40
28792,0,1266,221,-2,36
28803,0,1416,-169,10,-9
28811,0,1647,-327,-33,-9
28820,0,1779,-421,-50,-3
28829,0,1848,-536,-38,-2
28837,0,1813,-539,-35,-2
28845,0,1702,-420,-25,1
28854,0,1544,-173,-11,-4
28862,0,1355,130,-7,4
28871,0,1221,260,1,-2
28879,0,1151,326,57,-11
28888,0,1176,495,22,-3
28896,0,1295,510,18,1
28904,0,1454,294,4,29
28913,0,1623,-51,7,-6
28922,0,1777,-266,-13,-3
28930,0,1848,-364,-46,-1
28938,0,1823,-377,-13,-6
28947,0,1721,-241,-6,-4
28956,0,1545,10,-3,-4
28964,0,1355,235,15,3
28972,0,1221,330,8,20
28983,0,1154,358,50,-22
28992,0,1196,289,-10,-2
29001,0,1334,55,2,-3
29009,0,1521,-198,-4,-6
29017,0,1684,-371,-37,4
29026,0,1803,-472,-17,-3
29034,0,1849,-446,-32,-2
29043,0,1801,-394,-57,1
29052,0,1662,-240,-17,-3
29060,0,1474,62,8,2
29068,0,1311,255,7,2
29076,0,1193,294,44,-1
29086,0,1150,476,38,-4
29094,0,1212,562,19,-3
29102,0,1342,441,0,-2
29110,0,1510,164,16,6
29119,0,1675,-160,-9,-6
29128,0,1809,-303,-33,-4
29136,0,1849,-392,-25,4
29145,0,1795,-382,-6,-5
29153,0,1650,-191,7,-5
29164,0,1481,191,1,3
29173,0,1265,312,3,14
29181,0,1163,327,57,-4
29190,0,1158,324,44,28
29198,0,1251,368,31,-43
29206,0,1399,139,3,2
29215,0,1571,-147,-1,-1
29224,0,1742,-315,-27,-5
29232,0,1839,-422,-39,3
29240,0,1838,-501,-29,-2
29249,0,1755,-399,-5,-2
29258,0,1589,-100,1,-6
29266,0,1395,192,-5,1
29274,0,1248,298,7,19
29283,0,1162,303,51,5
29291,0,1164,420,34,42
29300,0,1253,401,11,-26
29308,0,1423,139,15,15
29317,0,1596,-175,11,-4
29325,0,1760,-324,-21,-5
29333,0,1840,-413,-42,-3
29345,0,1837,-471,-19,3
29354,0,1683,-307,-1,1
29362,0,1495,27,1,3
29370,0,1328,268,-1,4
29378,0,1203,337,14,6
29388,0,1150,327,52,-1
29396,0,1204,406,18,40
29404,0,1331,317,11,37
29413,0,1499,-8,-2,1
29421,0,1686,-241,12,-8
29430,0,1806,-354,-28,2
29438,0,1849,-437,-52,-8
29447,0,1796,-468,-6,2
29455,0,1651,-285,-11,1
29463,0,1480,21,-7,-4
29473,0,1315,274,0,5
29481,0,1175,337,39,5
29489,0,1152,333,36,15
29497,0,1214,455,32,14
29506,0,1347,364,13,48
29515,0,1540,33,3,13
29526,0,1720,-295,-10,1
29534,0,1843,-377,-44,-5
29542,0,1833,-416,-22,-7
29552,0,1741,-319,5,-1
29560,0,1546,-44,-2,0
29568,0,1373,228,-6,1
29576,0,1231,312,15,-4
29585,0,1156,338,31,13
29593,0,1174,311,9,12
29602,0,1276,128,5,-14
29611,0,1456,-145,11,-1
29619,0,1649,-331,-33,0
29627,0,1784,-443,-30,5
29635,0,1847,-446,-23,-5
29645,0,1824,-339,-32,0
29653,0,1684,-167,-15,0
29661,0,1517,66,1,-1
29669,0,1345,158,12,-2
29678,0,1212,331,56,10
29687,0,1150,532,29,21
29695,0,1197,542,44,15
29704,0,1321,390,20,15
29715,0,1511,15,9,-5
29724,0,1733,-189,-3,1
29732,0,1837,-322,-44,4
29740,0,1840,-447,-48,11
29749,0,1758,-474,-31,1
29757,0,1589,-254,-9,-1
29766,0,1414,94,-15,-1
29774,0,1244,258,6,3
29783,0,1160,257,42,2
29791,0,1168,332,62,-57
29799,0,1264,400,26,5
29808,0,1419,200,0,-4
29817,0,1616,-140,6,-8
29825,0,1776,-326,-22,-1
29833,0,1846,-419,-39,4
29842,0,1827,-416,-27,-6
29851,0,1709,-251,-15,1
29859,0,1524,17,-3,1
29867,0,1351,236,9,6
29876,0,1215,328,35,9
29884,0,1150,346,40,6
29896,0,1186,270,-5,0
29904,0,1380,11,1,-7
29912,0,1555,-237,-12,-2
29921,0,1717,-404,-21,-5
29929,0,1831,-459,-16,-2
29938,0,1844,-412,-36,6
29946,0,1754,-321,-32,-1
29955,0,1605,-120,2,0
29963,0,1406,142,-19,4
29971,0,1253,231,18,-2
29980,0,1163,373,61,-15
29989,0,1164,545,5,-10
29997,0,1273,537,44,8
30005,0,1433,329,-8,-7
30014,0,1609,-1,24,-5
30023,0,1772,-230,-13,-6
30031,0,1848,-339,-37,8
30039,0,1820,-428,-37,5
30048,0,1711,-354,7,-2
30056,0,1525,-82,0,3
30065,0,1351,187,-10,0
30076,0,1202,267,27,5
30084,0,1153,284,11,10
30093,0,1223,260,-2,3
30101,0,1385,48,-13,7
30110,0,1562,-224,-1,-4
30118,0,1740,-392,-25,-2
30127,0,1834,-447,-19,4
30135,0,1836,-453,-74,8
30143,0,1746,-408,-1,-8
30153,0,1592,-183,-3,-1
30161,0,1372,146,-6,3
30169,0,1228,323,19,3
30177,0,1155,348,20,5
30186,0,1170,439,82,0
30195,0,1288,552,24,8
30203,0,1475,509,12,-11
30211,0,1650,128,0,3
30220,0,1786,-216,16,-4
30228,0,1849,-324,-22,-4
30237,0,1810,-346,-25,-5
30245,0,1670,-346,-17,-2
30256,0,1498,-73,0,-7
30265,0,1270,218,-2,6
30273,0,1163,329,-6,9
30282,0,1159,323,34,19
30291,0,1260,254,12,-7
30299,0,1440,61,-6,-2
30307,0,1618,-162,4,0
30315,0,1765,-354,-42,-2
30325,0,1843,-415,-20,-4
30333,0,1815,-284,-17,-3
30341,0,1698,-4,-10,-1
30349,0,1530,211,0,0
30358,0,1354,284,28,9
30367,0,1203,324,56,-46
30375,0,1150,455,41,-28
30383,0,1199,365,-4,50
30392,0,1328,106,16,4
30400,0,1524,-164,-6,-8
30409,0,1693,-327,-40,6
30418,0,1822,-434,-51,5
30426,0,1844,-537,-37,5
30437,0,1767,-430,-38,0
30445,0,1555,-167,2,-2
30454,0,1376,130,-6,1
30463,0,1216,314,22,6
30471,0,1150,378,41,2
30479,0,1188,362,41,-13
30487,0,1308,341,18,0
30497,0,1479,123,-20,17
30505,0,1694,-182,3,0
30513,0,1813,-369,-33,-2
30522,0,1849,-414,-5,-5
30530,0,1780,-263,-13,0
30539,0,1638,-19,2,-5
30547,0,1438,175,-4,1
30556,0,1275,284,29,3
30564,0,1164,385,44,30
30572,0,1159,481,30,30
30581,0,1244,344,1,19
30590,0,1419,57,7,-6
30598,0,1621,-189,12,-2
30606,0,1768,-327,-37,-5
30614,0,1844,-432,-39,0
30626,0,1829,-458,-11,-10
30635,0,1649,-239,-14,-7
30643,0,1449,85,-7,5
30651,0,1283,255,1,-2
30659,0,1175,308,15,1
30669,0,1153,365,55,-37
30677,0,1254,397,16,-1
30685,0,1411,208,1,-19
30694,0,1592,-133,-4,2
30702,0,1763,-329,-18,-3
30711,0,1843,-396,-29,-3
30719,0,1823,-393,-22,1
30728,0,1712,-242,-17,0
30736,0,1522,21,-1,1
30744,0,1345,215,6,-5
30753,0,1208,310,4,10
30762,0,1150,349,57,15
30770,0,1209,321,10,15
30778,0,1345,129,-10,11
30787,0,1523,-172,1,-8
30796,0,1713,-363,-33,1
30807,0,1831,-435,-37,-5
30815,0,1822,-319,-30,-5
30823,0,1711,-94,-9,2
30833,0,1543,143,4,1
30841,0,1322,288,25,18
30849,0,1195,350,30,-17
30858,0,1150,426,61,-19
30866,0,1211,432,20,-11
30875,0,1349,273,35,-5
30883,0,1551,-2,2,-1
30892,0,1718,-231,-8,-5
30900,0,1833,-362,-31,1
30908,0,1841,-461,-50,7
30916,0,1757,-521,-14,-6
30926,0,1602,-335,-15,-2
30934,0,1376,6,1,4
30942,0,1228,244,-11,1
30950,0,1154,308,26,-16
30960,0,1173,319,23,2
30968,0,1319,290,35,10
30976,0,1494,110,-13,-5
30987,0,1671,-263,4,-4
30996,0,1830,-392,-29,2
31005,0,1838,-392,-6,1
31013,0,1730,-177,-18,-3
31021,0,1565,116,4,1
31030,0,1383,241,16,-6
31038,0,1218,292,48,-6
31047,0,1152,408,55,10
31055,0,1190,483,6,12
31064,0,1314,364,56,-8
31072,0,1513,75,25,11
31080,0,1687,-171,6,0
31090,0,1811,-333,-45,8
31098,0,1843,-437,-25,0
31106,0,1764,-504,-25,1
31114,0,1611,-372,-16,-8
31123,0,1429,-57,-7,-9
31132,0,1248,206,-9,9
31140,0,1155,282,18,-4
31148,0,1171,293,36,-3
31157,0,1278,362,14,-2
31168,0,1469,119,-8,11
31177,0,1709,-191,-5,-6
31185,0,1830,-373,-23,4
31194,0,1843,-436,-24,2
31202,0,1744,-352,-17,-2
31210,0,1584,-157,-10,4
31219,0,1400,82,7,3
31228,0,1229,261,15,15
31236,0,1151,343,17,2
31244,0,1183,385,23,-42
31253,0,1303,328,-6,-16
31262,0,1501,74,1,-9
31270,0,1698,-205,-2,-1
31278,0,1817,-385,-28,-4
31287,0,1848,-454,-26,-6
31295,0,1768,-372,-33,-5
31304,0,1617,-199,-15,0
31312,0,1411,14,-6,-3
31321,0,1251,132,18,-4
31329,0,1155,358,21,12
31337,0,1171,478,17,34
31349,0,1278,291,44,-12
31358,0,1539,42,-1,10
31366,0,1729,-184,-4,-2
31374,0,1831,-337,-37,-1
31382,0,1842,-347,-24,2
31392,0,1757,-197,-9,1
31400,0,1554,52,-4,-3
31408,0,1371,220,16,-12
31416,0,1223,300,3,-1
31425,0,1152,358,29,-1
31434,0,1189,336,3,20
31442,0,1334,139,7,2
31450,0,1515,-153,2,-2
31459,0,1691,-329,-34,6
31467,0,1823,-428,-39,-2
31476,0,1846,-476,-29,-5
31485,0,1756,-360,-38,-1
31493,0,1576,-178,-16,-6
31501,0,1391,55,7,-2
31509,0,1236,160,15,-1
31519,0,1155,340,43,-13
31530,0,1190,509,28,23
31538,0,1381,435,38,-24
31546,0,1566,186,9,0
31554,0,1733,-109,-2,-3
31564,0,1833,-262,-20,0
31572,0,1826,-319,-26,0
31580,0,1716,-248,-12,-2
31589,0,1545,-42,9,-1
31597,0,1339,181,-1,2
31606,0,1203,301,32,-9
31614,0,1150,345,25,7
31623,0,1208,298,16,14
31631,0,1370,158,-5,2
31639,0,1555,-59,-3,1
31648,0,1724,-252,-23,1
31657,0,1837,-411,-27,1
31665,0,1830,-471,-23,-1
31673,0,1723,-352,-10,-1
31682,0,1553,-60,-19,1
31691,0,1347,196,-1,1
31699,0,1194,267,8,6
31710,0,1150,394,55,-11
31718,0,1248,403,6,68
31728,0,1409,279,12,-2
31736,0,1640,-15,4,-10
31744,0,1785,-241,-18,-5
31752,0,1848,-361,-40,0
31761,0,1813,-426,-38,-1
31769,0,1667,-401,-20,3
31778,0,1485,-153,-1,-12
31787,0,1288,159,-7,3
31795,0,1167,288,9,25
31803,0,1159,292,27,-4
31811,0,1248,278,11,-6
31821,0,1409,135,-16,16
31829,0,1641,-133,3,-2
31837,0,1786,-344,-28,-2
31845,0,1849,-443,-13,-2
31854,0,1812,-426,-20,1
31863,0,1664,-373,-24,0
31871,0,1458,-208,-7,1
31880,0,1284,62,-4,1
31891,0,1165,255,23,-1
31900,0,1184,410,34,-19
31908,0,1328,435,-11,-4
31916,0,1510,188,-1,5
31925,0,1689,-112,8,-3
31933,0,1824,-239,-7,-2
31942,0,1845,-266,-22,1
31950,0,1751,-227,1,6
31959,0,1589,-106,-5,-1
31967,0,1379,120,29,-3
31975,0,1226,355,7,5
31985,0,1152,421,20,-39
31993,0,1201,377,40,-9
32001,0,1339,317,-5,8
32009,0,1512,90,6,-5
32018,0,1607,-176,-4,1
32027,0,1703,-370,-27,1
32035,0,1781,-481,-27,-1
32043,0,1827,-442,-24,-8
32052,0,1848,-254,-16,1
32060,0,1841,2,-10,1
32072,0,1806,287,17,6
32080,0,1712,350,11,-20
32088,0,1628,415,28,9
32096,0,1535,509,26,6
32105,0,1438,499,20,3
32114,0,1336,421,50,-12
32122,0,1249,252,13,23
32131,0,1192,-26,-13,3
32139,0,1155,-246,-10,-6
32147,0,1151,-402,-46,-1
32156,0,1173,-530,-66,15
32165,0,1227,-632,-48,10
32173,0,1307,-653,-49,-3
32181,0,1394,-657,-88,2
32189,0,1490,-618,32,1
32199,0,1586,-382,-47,-1
32207,0,1695,0,-31,21
32215,0,1767,254,15,-3
32223,0,1818,334,53,-1
32232,0,1846,419,25,0
32241,0,1845,435,53,0
32252,0,1811,633,5,-18
32260,0,1729,725,83,1
32268,0,1648,605,14,11
32277,0,1556,484,113,-18
32286,0,1448,428,20,8
32294,0,1344,309,17,24
32302,0,1265,-20,-18,5
32311,0,1203,-321,-12,-11
32319,0,1160,-477,-23,-3
32328,0,1150,-520,-54,2
32336,0,1169,-632,-92,10
32345,0,1214,-715,-34,-17
32353,0,1289,-694,-73,-6
32361,0,1374,-705,-37,-12
32371,0,1468,-554,-56,-2
32379,0,1588,-210,-8,4
32387,0,1677,84,-23,0
32395,0,1752,248,27,0
32404,0,1809,353,37,-5
32413,0,1844,462,25,2
32421,0,1846,493,74,-5
32432,0,1820,638,-4,12
32440,0,1745,715,88,7
32449,0,1668,544,48,6
32458,0,1566,503,33,-17
32466,0,1458,485,48,5
32474,0,1364,433,-13,39
32483,0,1282,234,23,11
32491,0,1208,-94,-16,2
32500,0,1166,-302,-28,-12
32508,0,1150,-423,-42,-6
32517,0,1163,-546,-62,2
32525,0,1208,-663,-52,-3
32533,0,1272,-785,-51,-4
32542,0,1353,-768,-47,-3
32551,0,1458,-668,-88,5
32559,0,1566,-638,-34,12
32567,0,1657,-445,-8,3
32576,0,1737,-91,-22,0
32585,0,1804,212,4,4
32593,0,1842,325,14,-15
32601,0,1849,388,52,4
32612,0,1828,453,15,-4
32620,0,1761,609,104,-3
32630,0,1687,721,45,17
32638,0,1576,626,86,13
32646,0,1480,561,64,9
32655,0,1385,497,16,9
32663,0,1289,425,34,-14
32672,0,1221,186,-19,10
32680,0,1169,-173,4,-9
32688,0,1150,-384,-34,-12
32697,0,1157,-492,-22,7
32705,0,1197,-553,-61,3
32714,0,1256,-704,-67,0
32723,0,1345,-765,-65,-6
32731,0,1448,-689,-94,5
32739,0,1545,-670,-33,-5
32747,0,1638,-497,-40,3
32757,0,1720,-144,6,-1
32765,0,1799,197,-8,0
-32763,0,1837,306,31,8
-32755,0,1849,373,34,-1
-32744,0,1835,428,42,5
-32734,0,1775,635,32,-5
-32726,0,1685,689,15,24
-32718,0,1597,643,-1,-5
-32710,0,1502,539,85,3
-32701,0,1406,479,6,-9
-32692,0,1307,466,39,-11
-32684,0,1227,146,-13,-2
-32676,0,1177,-219,-5,-2
-32667,0,1152,-429,-15,-7
-32659,0,1156,-510,-48,2
-32650,0,1186,-566,-81,-6
-32641,0,1249,-699,-50,-6
-32633,0,1336,-729,-41,-6
-32625,0,1426,-732,-70,3
-32617,0,1523,-648,-47,8
-32607,0,1617,-387,-17,4
-32599,0,1722,-12,-31,-8
-32591,0,1787,239,13,-7
-32583,0,1831,322,26,-6
-32572,0,1849,446,34,1
-32562,0,1831,471,57,-11
-32554,0,1773,631,54,-3
-32546,0,1703,742,42,-2
-32538,0,1618,595,42,20
-32528,0,1524,540,63,-15
-32520,0,1404,473,4,13
-32512,0,1316,372,15,49
-32504,0,1241,101,-9,21
-32495,0,1187,-243,8,-10
-32487,0,1154,-399,-23,-12
-32478,0,1152,-494,-71,1
-32469,0,1182,-570,-74,6
-32461,0,1242,-716,-31,-10
-32453,0,1317,-736,-34,-8
-32445,0,1405,-702,-95,7
-32435,0,1501,-676,-48,-13
-32427,0,1619,-448,-13,-17
-32419,0,1704,-63,-27,14
-32408,0,1774,278,27,-1
-32398,0,1835,341,32,2
-32390,0,1849,429,41,0
-32382,0,1830,446,30,-9
-32374,0,1786,659,43,-6
-32365,0,1721,710,89,23
-32356,0,1627,646,33,30
-32348,0,1521,559,88,-21
-32340,0,1425,453,50,13
-32331,0,1335,378,11,-12
-32323,0,1248,110,-14,8
-32314,0,1191,-238,-2,-7
-32306,0,1155,-409,-32,3
-32297,0,1151,-518,-15,-4
-32289,0,1178,-590,-62,-10
-32281,0,1228,-717,-50,-5
-32271,0,1298,-741,-32,-4
-32263,0,1407,-727,-90,-2
-32255,0,1503,-703,-16,-10
-32247,0,1598,-440,-25,3
-32236,0,1686,44,-12,-5
-32226,0,1783,250,35,-2
-32218,0,1836,326,47,-4
-32210,0,1849,442,32,1
-32202,0,1837,451,29,-2
-32193,0,1798,641,62,2
-32184,0,1728,717,32,-3
-32176,0,1636,672,9,35
-32167,0,1543,550,87,16
-32159,0,1435,445,33,11
-32151,0,1344,354,21,-7
-32142,0,1264,69,-4,18
-32133,0,1196,-255,-2,-7
-32125,0,1157,-447,-38,-6
-32117,0,1150,-522,-42,-9
-32109,0,1170,-602,-91,2
-32099,0,1214,-723,-25,3
-32091,0,1300,-721,-65,-12
-32083,0,1386,-744,-74,16
-32075,0,1481,-712,-44,1
-32064,0,1577,-262,-1,9
-32054,0,1698,69,-11,-1
-32046,0,1784,250,18,2
-32038,0,1829,382,35,-8
-32030,0,1849,454,48,-1
-32021,0,1842,469,20,-5
-32012,0,1803,656,28,-13
-32004,0,1736,738,26,-3
-31996,0,1656,672,23,14
-31987,0,1565,563,106,-7
-31979,0,1457,489,5,11
-31970,0,1363,448,29,-22
-31962,0,1271,163,-14,1
-31953,0,1208,-192,1,-8
-31945,0,1162,-413,-29,2
-31937,0,1150,-482,-62,-4
-31927,0,1163,-561,-43,1
-31919,0,1216,-710,-33,8
-31911,0,1282,-744,-51,-15
-31903,0,1366,-743,-50,12
-31892,0,1459,-631,-55,-6
-31882,0,1591,-322,-16,-11
-31874,0,1700,30,-17,1
-31866,0,1771,242,21,-5
-31858,0,1821,329,25,-2
-31849,0,1846,414,35,1
-31840,0,1844,443,46,3
-31832,0,1808,654,23,5
-31824,0,1752,682,32,7
-31815,0,1676,619,48,-16
-31807,0,1575,554,96,-1
-31798,0,1479,497,23,18
-31789,0,1373,441,31,-2
-31781,0,1279,167,-18,1
-31773,0,1213,-194,2,-6
-31765,0,1169,-411,-10,-8
-31755,0,1150,-493,-29,-5
-31747,0,1164,-568,-52,4
-31739,0,1203,-708,-51,10
-31731,0,1266,-769,-26,-5
-31720,0,1346,-741,-76,5
-31710,0,1473,-649,-41,-9
-31702,0,1593,-354,-12,-11
-31694,0,1681,-13,-15,7
-31685,0,1756,237,6,-2
-31677,0,1817,315,24,-2
-31668,0,1845,405,42,-1
-31660,0,1846,450,16,-4
-31651,0,1818,626,93,-5
-31643,0,1758,735,14,2
-31635,0,1684,643,25,5
-31626,0,1596,574,61,8
-31617,0,1489,465,30,8
-31609,0,1382,464,76,8
-31601,0,1296,235,6,14
-31593,0,1226,-128,-3,3
-31583,0,1177,-363,-16,-5
-31575,0,1150,-464,-39,0
-31567,0,1158,-549,-43,-18
-31559,0,1192,-669,-81,5
-31550,0,1250,-771,-36,-2
-31538,0,1337,-735,-115,14
-31530,0,1475,-682,-40,-7
